id,first_name,last_name,email,gender,salary,favorite_color,birth_date
1,Viv,Joberne,vjoberne0@dailymail.co.uk,Female,4508,Khaki,2/27/2010
2,Trefor,Wellings,twellings1@angelfire.com,Male,5930,Green,1/2/1918
3,Xymenes,O'Hern,xohern2@histats.com,Male,4278,Aquamarine,3/30/1908
4,Dedie,Linebarger,dlinebarger3@twitpic.com,Female,958,Crimson,11/27/1946
5,Codee,Scawen,cscawen4@icq.com,Female,3641,Green,10/1/1986
6,Ingrim,Gotliffe,igotliffe5@gravatar.com,Male,2105,Goldenrod,1/19/2014
7,Nanon,Beeckx,nbeeckx6@lulu.com,Female,4000,Orange,7/10/1907
8,Gwenore,Ashe,gashe7@multiply.com,Female,4423,Yellow,9/2/1949
9,Reinhard,Bibby,rbibby8@tmall.com,Male,4855,Violet,5/8/1968
10,Pammie,Hewkin,phewkin9@histats.com,Genderfluid,4195,Red,1/18/1927
11,Kermit,Haking,khakinga@answers.com,Male,3895,Purple,1/17/1948
12,Atlante,Topling,atoplingb@ask.com,Female,1271,Violet,10/9/1989
13,Mic,Reynault,mreynaultc@utexas.edu,Male,1961,Green,2/27/1923
14,Hagan,Call,hcalld@google.com,Male,4701,Crimson,5/27/1926
15,Lotty,Caberas,lcaberase@mtv.com,Female,3271,Teal,5/19/1957
16,Vivie,Harradence,vharradencef@deliciousdays.com,Non-binary,2558,Fuscia,4/2/1917
17,Isahella,Alti,ialtig@businesswire.com,Female,2520,Turquoise,2/28/2021
18,Evangeline,Leaburn,eleaburnh@nifty.com,Female,1982,Turquoise,7/8/2020
19,Angie,McCartan,amccartani@reddit.com,Female,3849,Aquamarine,9/28/1933
20,Leyla,Wemyss,lwemyssj@home.pl,Female,1683,Purple,10/15/1968
21,Geri,Parfitt,gparfittk@virginia.edu,Female,3001,Turquoise,3/10/1915
22,Robb,Kettell,rkettelll@google.fr,Male,1606,Yellow,12/7/1953
23,Magdalene,Caughtry,mcaughtrym@fema.gov,Female,3006,Maroon,12/23/1914
24,Dill,Tolman,dtolmann@mlb.com,Male,3553,Green,5/31/1971
25,Eal,Dyball,edyballo@google.com.br,Male,3187,Fuscia,5/13/1916
26,Rebeca,Franzel,rfranzelp@a8.net,Female,2944,Yellow,6/15/1903
27,Gweneth,Semkins,gsemkinsq@vk.com,Female,3443,Maroon,8/23/1927
28,Kalinda,Cumber,kcumberr@cisco.com,Female,4276,Red,4/25/2003
29,Alexandro,Ratt,aratts@goo.ne.jp,Male,3328,Yellow,11/20/1938
30,Alistair,Gater,agatert@upenn.edu,Male,2894,Blue,2/1/1919
31,Aida,MacIlriach,amacilriachu@rediff.com,Genderqueer,4874,Maroon,7/20/1961
32,Bree,Geikie,bgeikiev@utexas.edu,Female,4335,Teal,11/12/1990
33,Waldemar,Redborn,wredbornw@archive.org,Polygender,3888,Khaki,2/2/1936
34,Jaquelin,Marler,jmarlerx@independent.co.uk,Female,5325,Teal,12/25/1904
35,Tammie,Chestnut,tchestnuty@vinaora.com,Male,5754,Yellow,5/6/1943
36,Far,Budd,fbuddz@spiegel.de,Male,1229,Indigo,1/3/1974
37,Giraud,Rosenvasser,grosenvasser10@washingtonpost.com,Male,3634,Yellow,1/5/1970
38,Lotta,Earthfield,learthfield11@photobucket.com,Non-binary,1012,Goldenrod,7/29/1992
39,Tomasine,Chaman,tchaman12@blog.com,Female,3278,Mauv,1/15/1993
40,Yanaton,Sinnie,ysinnie13@nature.com,Male,1427,Khaki,3/15/1955
41,Elijah,Costa,ecosta14@twitpic.com,Male,4120,Green,8/11/2007
42,Arabella,Sturch,asturch15@wikipedia.org,Genderqueer,5709,Red,11/7/1906
43,Valentina,Nevin,vnevin16@cnbc.com,Female,4080,Red,12/3/1955
44,Curt,Yablsley,cyablsley17@qq.com,Male,1728,Green,12/11/1996
45,Sigrid,Salmen,ssalmen18@example.com,Female,4428,Maroon,2/16/1938
46,Lexie,Sevin,lsevin19@purevolume.com,Female,2452,Mauv,7/14/1952
47,Fitz,Joire,fjoire1a@seattletimes.com,Male,3556,Goldenrod,5/25/2000
48,Spike,Misselbrook,smisselbrook1b@miibeian.gov.cn,Male,5381,Goldenrod,3/16/1973
49,Skyler,Walley,swalley1c@washingtonpost.com,Male,2585,Fuscia,7/6/2021
50,Ferdinand,McGaraghan,fmcgaraghan1d@adobe.com,Polygender,3200,Goldenrod,8/16/1921
51,Brinn,Grelik,bgrelik1e@rediff.com,Female,4919,Orange,11/23/1943
52,Stinky,Marl,smarl1f@senate.gov,Male,3245,Blue,7/13/1939
53,Byrann,Somerville,bsomerville1g@statcounter.com,Male,2935,Fuscia,8/26/2000
54,Ruy,Farfull,rfarfull1h@ibm.com,Male,4421,Orange,4/3/1927
55,Curran,Felgat,cfelgat1i@lycos.com,Male,1402,Yellow,6/13/2001
56,Bryon,Streatley,bstreatley1j@opera.com,Genderqueer,1320,Red,4/11/1936
57,Walther,Coldbathe,wcoldbathe1k@amazon.com,Male,5567,Mauv,3/23/1916
58,Louisette,Keir,lkeir1l@ebay.co.uk,Genderfluid,1622,Blue,4/8/1944
59,Melantha,Soane,msoane1m@omniture.com,Female,1086,Fuscia,6/26/1939
60,Jena,Garmston,jgarmston1n@spotify.com,Female,5988,Mauv,11/29/1953
61,Celesta,Shower,cshower1o@icio.us,Non-binary,3997,Violet,3/3/1917
62,Maurita,Buyers,mbuyers1p@opensource.org,Female,2501,Goldenrod,10/11/1916
63,Frayda,Mountstephen,fmountstephen1q@instagram.com,Female,2500,Maroon,2/20/1940
64,Norine,Message,nmessage1r@homestead.com,Agender,936,Mauv,5/7/1947
65,Carroll,Asher,casher1s@redcross.org,Male,3824,Purple,7/27/1923
66,Margette,Loxly,mloxly1t@ox.ac.uk,Genderqueer,5823,Mauv,5/8/1958
67,Creighton,Hyndley,chyndley1u@tuttocitta.it,Male,700,Pink,7/20/1921
68,Flory,Rawkesby,frawkesby1v@google.com.br,Male,2712,Yellow,5/11/1924
69,Angelo,Mably,amably1w@accuweather.com,Bigender,1828,Purple,7/23/1938
70,Mina,Downe,mdowne1x@scribd.com,Female,5300,Puce,5/20/1937
71,Son,Adamski,sadamski1y@edublogs.org,Male,4580,Mauv,2/7/1982
72,Meryl,Bondesen,mbondesen1z@loc.gov,Male,4059,Maroon,10/24/1974
73,Wilma,Denyukin,wdenyukin20@google.com.hk,Female,4423,Aquamarine,3/7/1905
74,Anabelle,Emanulsson,aemanulsson21@salon.com,Female,2799,Purple,8/8/2007
75,Nelly,Zack,nzack22@amazon.co.jp,Female,4147,Blue,11/30/1951
76,Leela,Scurr,lscurr23@biblegateway.com,Female,4529,Teal,8/16/1996
77,Alika,Cicchetto,acicchetto24@nhs.uk,Female,2482,Violet,9/14/1936
78,Kele,Malinson,kmalinson25@weibo.com,Male,2098,Khaki,1/12/1909
79,Joni,Lenoir,jlenoir26@elegantthemes.com,Female,2534,Orange,8/18/1991
80,Daniela,Snoddon,dsnoddon27@ifeng.com,Female,5097,Goldenrod,7/30/1957
81,Ingeberg,Delaprelle,idelaprelle28@unc.edu,Female,2450,Orange,10/4/1913
82,Aridatha,McVitie,amcvitie29@nhs.uk,Female,3679,Yellow,2/2/1947
83,Rutledge,Marcoolyn,rmarcoolyn2a@mit.edu,Male,1596,Purple,2/25/1919
84,Kip,Wotton,kwotton2b@businessinsider.com,Male,2640,Aquamarine,7/15/2003
85,Leticia,Beaves,lbeaves2c@naver.com,Female,5161,Indigo,1/24/1921
86,Pasquale,Ghidetti,pghidetti2d@wp.com,Male,3340,Mauv,2/20/2002
87,Harris,Schofield,hschofield2e@telegraph.co.uk,Male,4828,Yellow,5/1/1933
88,Easter,Bolderson,ebolderson2f@microsoft.com,Female,4679,Puce,9/29/2009
89,Val,Gilardengo,vgilardengo2g@jugem.jp,Male,3891,Crimson,2/2/2012
90,Gisele,Stedell,gstedell2h@eventbrite.com,Female,3825,Violet,3/11/2005
91,Horatio,Huyge,hhuyge2i@storify.com,Male,5001,Yellow,9/1/2021
92,Rudolph,Leftbridge,rleftbridge2j@webs.com,Male,5518,Turquoise,4/11/1965
93,Agata,Bahlmann,abahlmann2k@ebay.com,Female,3455,Mauv,8/9/2022
94,Charlotta,Ostrich,costrich2l@wikispaces.com,Female,1845,Maroon,5/18/1903
95,Harrie,Usmar,husmar2m@macromedia.com,Bigender,5363,Teal,1/25/1987
96,Billye,Bidewel,bbidewel2n@ycombinator.com,Female,3048,Fuscia,7/5/1912
97,Curran,Wink,cwink2o@china.com.cn,Male,4015,Teal,10/14/2013
98,Keefer,Gransden,kgransden2p@skype.com,Male,1236,Purple,8/4/1985
99,Stephen,Evenett,sevenett2q@bravesites.com,Male,1514,Goldenrod,7/6/2019
100,Dewitt,Yvens,dyvens2r@chronoengine.com,Male,3125,Puce,5/20/1950
101,Giana,Champney,gchampney2s@jiathis.com,Female,780,Fuscia,9/4/1989
102,Daryl,Gotthard,dgotthard2t@msn.com,Male,933,Violet,5/3/1949
103,Sheba,Farnsworth,sfarnsworth2u@google.ru,Female,4648,Blue,10/16/1907
104,Iosep,Bowler,ibowler2v@freewebs.com,Male,790,Orange,1/25/2005
105,Worthy,Hatcher,whatcher2w@spotify.com,Male,5695,Puce,10/16/2009
106,Dulcinea,Restall,drestall2x@blogtalkradio.com,Female,3012,Pink,4/23/2013
107,Vanya,Fishby,vfishby2y@netvibes.com,Female,1827,Khaki,10/28/1932
108,Pavel,Steagall,psteagall2z@sina.com.cn,Male,4507,Blue,8/17/1931
109,Consolata,Heaffey,cheaffey30@usa.gov,Female,4844,Aquamarine,2/17/1938
110,Mellisent,Chazier,mchazier31@surveymonkey.com,Female,2922,Purple,5/15/1910
111,Ermentrude,Amies,eamies32@foxnews.com,Female,2159,Red,10/7/2000
112,Ronna,George,rgeorge33@wikia.com,Female,2365,Pink,3/24/2017
113,Valentijn,Lemerle,vlemerle34@elegantthemes.com,Male,5929,Pink,3/30/1913
114,Emlynn,Nurdin,enurdin35@joomla.org,Female,1362,Violet,6/5/2021
115,Lesley,Tweddle,ltweddle36@oracle.com,Female,4232,Yellow,9/29/1914
116,Rees,Crowhurst,rcrowhurst37@sohu.com,Male,4755,Yellow,8/30/2013
117,Tobias,Smales,tsmales38@si.edu,Male,894,Goldenrod,2/24/2011
118,Stinky,Olczak,solczak39@xing.com,Male,5785,Indigo,5/28/1950
119,Bone,Dowthwaite,bdowthwaite3a@sun.com,Male,1857,Puce,8/28/1961
120,Cathy,Kemmish,ckemmish3b@skype.com,Female,2230,Fuscia,11/29/1919
121,Viki,McCuis,vmccuis3c@marriott.com,Female,3532,Maroon,9/22/1923
122,Elvis,Osbaldstone,eosbaldstone3d@gnu.org,Male,2164,Green,2/14/1960
123,Cora,Codman,ccodman3e@trellian.com,Female,1550,Violet,10/11/1979
124,Joli,Hiorn,jhiorn3f@flavors.me,Female,3826,Mauv,6/16/1925
125,Yanaton,Quimby,yquimby3g@home.pl,Bigender,2649,Green,5/9/2022
126,Shaw,Van Eeden,svaneeden3h@clickbank.net,Male,4378,Mauv,12/28/1937
127,Giselle,Levett,glevett3i@linkedin.com,Female,5899,Orange,12/4/1999
128,Celinka,Seamen,cseamen3j@digg.com,Female,1909,Pink,5/31/1904
129,Shannon,Heathwood,sheathwood3k@nymag.com,Male,1035,Yellow,6/16/1965
130,Traci,Berthot,tberthot3l@slate.com,Female,2937,Puce,7/28/2012
131,Stirling,ffrench Beytagh,sffrenchbeytagh3m@wikia.com,Male,1417,Crimson,7/3/1959
132,Tim,Skirvin,tskirvin3n@salon.com,Female,5185,Orange,9/24/1975
133,Kellina,Van Schafflaer,kvanschafflaer3o@sfgate.com,Female,5845,Khaki,9/13/1931
134,Gill,Ramet,gramet3p@dmoz.org,Female,4608,Fuscia,9/6/2016
135,Winona,Studholme,wstudholme3q@umn.edu,Female,5714,Red,9/21/1900
136,Kelly,Strangeway,kstrangeway3r@wikimedia.org,Male,2146,Purple,1/12/1989
137,Kriste,Knowlys,kknowlys3s@cbc.ca,Female,3744,Turquoise,7/4/2016
138,Alaine,Whitcombe,awhitcombe3t@tumblr.com,Female,902,Aquamarine,2/11/1990
139,Mil,Buggs,mbuggs3u@pen.io,Female,3499,Aquamarine,8/2/1991
140,Kin,Dowall,kdowall3v@who.int,Male,5000,Violet,6/9/1960
141,Colene,Graddell,cgraddell3w@woothemes.com,Female,1345,Pink,4/21/1971
142,Rosene,Boules,rboules3x@wsj.com,Female,3579,Orange,10/30/1910
143,Audry,Soppitt,asoppitt3y@e-recht24.de,Non-binary,1906,Blue,4/24/1931
144,Starr,Pickles,spickles3z@admin.ch,Female,2269,Crimson,12/27/1915
145,Lesya,Faircloth,lfaircloth40@arizona.edu,Female,5320,Fuscia,10/6/1965
146,Carine,Ayre,cayre41@house.gov,Female,4198,Goldenrod,2/11/2005
147,Modestine,Watson,mwatson42@cbslocal.com,Female,5621,Red,4/26/1929
148,Theobald,Blagdon,tblagdon43@scientificamerican.com,Male,5334,Maroon,12/15/1954
149,Nappie,Hatfull,nhatfull44@webs.com,Male,3580,Yellow,3/25/1912
150,Boniface,Burges,bburges45@tuttocitta.it,Male,1902,Maroon,12/11/2011
151,Ban,Mc Gee,bmcgee46@slate.com,Male,3006,Green,10/25/1919
152,Maryann,Clitsome,mclitsome47@1und1.de,Female,4652,Teal,5/11/1941
153,Saxon,Toogood,stoogood48@nasa.gov,Male,2630,Indigo,1/4/1940
154,Eustacia,Bearcroft,ebearcroft49@hc360.com,Female,2618,Blue,5/12/2000
155,Mayor,Vitet,mvitet4a@hhs.gov,Male,1182,Turquoise,6/7/1982
156,Aldrich,Josefsen,ajosefsen4b@independent.co.uk,Male,3545,Blue,5/30/1922
157,Camella,Beurich,cbeurich4c@homestead.com,Female,2576,Yellow,8/2/1975
158,Dido,Schneidau,dschneidau4d@tiny.cc,Female,1867,Mauv,9/26/2018
159,Daria,Bracher,dbracher4e@fastcompany.com,Female,4546,Crimson,6/28/1918
160,Claudetta,Leander,cleander4f@bbb.org,Female,4915,Yellow,4/18/1904
161,Ruddy,Tosdevin,rtosdevin4g@cdc.gov,Male,5306,Crimson,3/9/2005
162,Rayna,Halbeard,rhalbeard4h@uiuc.edu,Female,1932,Puce,3/27/1914
163,Carroll,Muress,cmuress4i@reddit.com,Female,4996,Fuscia,7/20/1962
164,Rodolphe,Huerta,rhuerta4j@marketwatch.com,Male,1272,Green,8/4/2010
165,Berny,Courvert,bcourvert4k@miitbeian.gov.cn,Male,1788,Turquoise,1/21/1913
166,Demott,Marran,dmarran4l@myspace.com,Male,1067,Puce,7/28/1965
167,Cynthie,Badman,cbadman4m@nydailynews.com,Non-binary,3806,Puce,10/27/1932
168,Judi,Quene,jquene4n@mtv.com,Female,718,Mauv,1/20/1964
169,Randene,Plumtree,rplumtree4o@who.int,Female,4135,Mauv,6/30/1936
170,Shelley,Sandeman,ssandeman4p@twitpic.com,Female,3129,Yellow,6/25/1944
171,Charlotte,Bounde,cbounde4q@toplist.cz,Female,4417,Orange,7/22/1902
172,Wren,Goman,wgoman4r@indiegogo.com,Genderqueer,2888,Turquoise,5/5/2000
173,Alwin,Cossell,acossell4s@is.gd,Male,4422,Teal,10/23/2015
174,Manya,Acomb,macomb4t@behance.net,Female,5431,Khaki,5/14/1932
175,Sybyl,Oppery,soppery4u@sun.com,Female,1661,Blue,2/5/2006
176,Boycie,L'Episcopi,blepiscopi4v@merriam-webster.com,Male,5695,Crimson,7/28/1937
177,Torrin,Kelson,tkelson4w@answers.com,Male,3714,Khaki,1/14/2004
178,Hansiain,Marchbank,hmarchbank4x@wired.com,Male,4392,Pink,9/16/1963
179,Humbert,Mollin,hmollin4y@xinhuanet.com,Male,4251,Pink,10/14/2013
180,Matti,Calderwood,mcalderwood4z@canalblog.com,Female,5747,Turquoise,7/17/2012
181,Tammy,Lappin,tlappin50@godaddy.com,Bigender,4490,Orange,12/31/1909
182,Gisela,Kharchinski,gkharchinski51@networksolutions.com,Female,2284,Blue,3/29/1965
183,Elia,Francom,efrancom52@telegraph.co.uk,Male,3093,Green,11/29/1997
184,Moss,Wiggins,mwiggins53@technorati.com,Male,3246,Violet,11/25/2019
185,Bibbie,Lowery,blowery54@opensource.org,Polygender,1785,Red,12/25/1938
186,Willyt,Quince,wquince55@oakley.com,Female,3295,Green,7/7/1924
187,Patrizius,Marcone,pmarcone56@jigsy.com,Male,4050,Maroon,2/3/1981
188,Ignace,Elmer,ielmer57@paypal.com,Male,2798,Purple,9/30/2004
189,Sasha,Kobsch,skobsch58@over-blog.com,Male,4107,Turquoise,11/30/1952
190,Charyl,Lauks,clauks59@mail.ru,Female,1024,Fuscia,9/30/1989
191,Dalli,Paddock,dpaddock5a@nih.gov,Male,4886,Pink,11/17/2007
192,Starla,Sebley,ssebley5b@360.cn,Female,2810,Teal,9/22/2013
193,Josias,Jordison,jjordison5c@360.cn,Male,3272,Indigo,10/8/2019
194,Lucila,Mattessen,lmattessen5d@hostgator.com,Female,5454,Maroon,8/13/1976
195,Patrice,Olsson,polsson5e@com.com,Male,2486,Indigo,9/13/1998
196,Arliene,Weedenburg,aweedenburg5f@phoca.cz,Female,4385,Purple,4/13/1955
197,Stesha,Brouwer,sbrouwer5g@amazon.co.uk,Female,1975,Violet,9/30/1940
198,Delila,Tompsett,dtompsett5h@japanpost.jp,Female,3066,Yellow,1/11/1967
199,Rickert,Ech,rech5i@studiopress.com,Bigender,2698,Fuscia,8/18/1953
200,Amalea,Barnwell,abarnwell5j@cdbaby.com,Female,2701,Purple,5/31/1982
201,Sloane,Kidsley,skidsley5k@baidu.com,Male,4473,Puce,6/25/2004
202,Ardenia,Rippon,arippon5l@cam.ac.uk,Female,5487,Purple,8/17/1915
203,Rem,Massot,rmassot5m@goo.ne.jp,Male,5958,Turquoise,8/16/1986
204,Alva,Gong,agong5n@admin.ch,Male,5428,Blue,5/12/1972
205,Artemus,Moverley,amoverley5o@marketwatch.com,Male,4898,Crimson,11/13/1942
206,Kristyn,Lacrouts,klacrouts5p@hao123.com,Female,1502,Puce,11/5/1950
207,Reg,Spurrier,rspurrier5q@com.com,Male,2227,Aquamarine,12/2/1995
208,Rodrique,Tommaseo,rtommaseo5r@time.com,Male,4074,Pink,8/4/1927
209,Rebekkah,Maso,rmaso5s@over-blog.com,Female,1014,Goldenrod,12/26/1947
210,Silvana,Claremont,sclaremont5t@twitpic.com,Female,2204,Khaki,3/18/1953
211,Had,Matyukon,hmatyukon5u@businessinsider.com,Male,2955,Khaki,12/11/1927
212,Obidiah,Boud,oboud5v@dropbox.com,Male,4709,Yellow,10/4/1988
213,Rudolfo,Worboys,rworboys5w@bandcamp.com,Genderqueer,4513,Pink,10/24/1971
214,Jillene,Sivewright,jsivewright5x@drupal.org,Female,3699,Orange,1/24/1928
215,Bink,Connar,bconnar5y@dailymail.co.uk,Male,5805,Yellow,1/28/2002
216,Erik,Tratton,etratton5z@newsvine.com,Male,4710,Indigo,7/11/2008
217,Salomo,MacScherie,smacscherie60@slate.com,Male,727,Maroon,6/20/1927
218,Efrem,Tretter,etretter61@forbes.com,Male,3465,Pink,7/7/1934
219,Georgianne,Warlawe,gwarlawe62@businessinsider.com,Female,5586,Red,4/6/2021
220,Pattie,Farfolomeev,pfarfolomeev63@privacy.gov.au,Female,4567,Pink,7/24/1918
221,Mehetabel,Conradie,mconradie64@bbc.co.uk,Female,3546,Maroon,3/13/1973
222,Barrett,Begbie,bbegbie65@wunderground.com,Male,3624,Crimson,11/16/1901
223,Finn,Docwra,fdocwra66@mapy.cz,Male,4075,Red,3/12/1948
224,Shanon,Extil,sextil67@howstuffworks.com,Female,1669,Red,9/13/1941
225,Filbert,Bailey,fbailey68@dmoz.org,Male,2498,Maroon,2/13/1991
226,Vivie,Brimner,vbrimner69@surveymonkey.com,Female,2904,Crimson,12/11/1940
227,Kincaid,Somerbell,ksomerbell6a@sohu.com,Male,1173,Crimson,12/20/1978
228,Neil,Itzakson,nitzakson6b@vistaprint.com,Male,4925,Turquoise,10/5/2001
229,Rustin,Romanski,rromanski6c@columbia.edu,Male,4141,Teal,5/28/1977
230,Rog,Cattanach,rcattanach6d@apache.org,Male,2525,Crimson,2/6/1927
231,Rozanna,Lilion,rlilion6e@japanpost.jp,Female,2571,Fuscia,5/14/1991
232,Percival,Fripps,pfripps6f@merriam-webster.com,Male,2496,Green,1/2/1901
233,Bettine,Kain,bkain6g@soundcloud.com,Female,5106,Violet,12/28/1975
234,Koressa,Carrodus,kcarrodus6h@princeton.edu,Female,5084,Crimson,2/9/1970
235,Patton,Calderbank,pcalderbank6i@nyu.edu,Male,5332,Red,10/22/1997
236,Vern,Annion,vannion6j@eventbrite.com,Male,3701,Aquamarine,4/12/1913
237,Launce,Gleave,lgleave6k@google.es,Male,717,Mauv,3/21/1943
238,Reginauld,Deelay,rdeelay6l@wordpress.com,Male,3352,Violet,8/24/1960
239,Amandie,Hunnicot,ahunnicot6m@blogs.com,Female,2906,Green,1/25/2007
240,Darnell,Thireau,dthireau6n@businesswire.com,Male,3895,Indigo,11/6/1954
241,Lorraine,Spray,lspray6o@hibu.com,Female,5927,Purple,7/2/1937
242,Dewitt,Baseggio,dbaseggio6p@oaic.gov.au,Male,4041,Aquamarine,10/17/1941
243,Neron,Murty,nmurty6q@domainmarket.com,Male,4236,Blue,8/30/2006
244,Umberto,Bemwell,ubemwell6r@etsy.com,Male,2345,Pink,7/27/2013
245,Milzie,Baughan,mbaughan6s@sitemeter.com,Female,2435,Yellow,6/21/1947
246,Thelma,Pond,tpond6t@list-manage.com,Genderqueer,4284,Goldenrod,6/2/1988
247,Mersey,Lowndes,mlowndes6u@ed.gov,Female,4624,Khaki,2/25/1959
248,Jacklyn,Passey,jpassey6v@fema.gov,Female,1673,Fuscia,1/7/1938
249,Chelsea,Rimer,crimer6w@ed.gov,Female,2865,Green,9/28/1949
250,Wye,Darwood,wdarwood6x@java.com,Male,4360,Green,8/22/1947
251,Clarke,Vickars,cvickars6y@livejournal.com,Male,5618,Pink,2/24/1963
252,Gregoor,Hallawell,ghallawell6z@squidoo.com,Male,4640,Aquamarine,4/19/1982
253,Herculie,Croston,hcroston70@xinhuanet.com,Male,2241,Indigo,3/12/1937
254,Monika,Deverill,mdeverill71@drupal.org,Female,1790,Crimson,1/26/1984
255,Benjie,Nystrom,bnystrom72@shutterfly.com,Male,953,Khaki,1/22/2021
256,Manon,Antonias,mantonias73@indiatimes.com,Female,4564,Puce,11/24/2008
257,Toddy,Rodger,trodger74@reverbnation.com,Male,2312,Maroon,3/31/1995
258,Lisle,Sate,lsate75@ca.gov,Male,3794,Crimson,10/11/1942
259,Alvis,Rain,arain76@globo.com,Male,2706,Maroon,10/19/1971
260,Elset,Coultass,ecoultass77@dell.com,Genderqueer,2817,Fuscia,8/28/1974
261,Ashien,Byrd,abyrd78@bandcamp.com,Female,2868,Teal,1/28/1947
262,Jarib,Miller,jmiller79@paypal.com,Male,2506,Orange,10/1/1996
263,Kaleb,Fearnley,kfearnley7a@pagesperso-orange.fr,Male,4060,Puce,3/23/1954
264,Patience,Skelding,pskelding7b@cbslocal.com,Female,2244,Green,5/8/1993
265,Violetta,Dallison,vdallison7c@wordpress.com,Female,797,Red,10/1/1955
266,Morry,Chaudret,mchaudret7d@tripadvisor.com,Male,708,Purple,11/12/1911
267,Rochette,Sowle,rsowle7e@gravatar.com,Female,4080,Crimson,8/17/1982
268,Garik,Prendergrast,gprendergrast7f@youku.com,Male,795,Maroon,1/27/1977
269,Killie,Kemet,kkemet7g@de.vu,Male,4401,Blue,3/1/1955
270,Vail,Nardi,vnardi7h@alexa.com,Male,3235,Indigo,11/13/1909
271,Marietta,Di Meo,mdimeo7i@vistaprint.com,Male,5153,Pink,10/30/1907
272,Krishna,Forlonge,kforlonge7j@sphinn.com,Male,1781,Fuscia,3/11/2009
273,Doria,Stonestreet,dstonestreet7k@tmall.com,Female,1977,Violet,12/11/1915
274,Randell,Brosenius,rbrosenius7l@phpbb.com,Male,4071,Red,8/26/1972
275,Frasier,Antosik,fantosik7m@paypal.com,Male,2516,Puce,10/22/1970
276,Lorraine,Covotto,lcovotto7n@ebay.co.uk,Female,2914,Khaki,3/14/1926
277,Park,Yitzovicz,pyitzovicz7o@webnode.com,Male,2588,Indigo,3/22/1912
278,Maye,Abramowitch,mabramowitch7p@cyberchimps.com,Female,3882,Violet,10/4/1926
279,Kipp,Mustoo,kmustoo7q@microsoft.com,Male,727,Maroon,4/24/1928
280,Alf,Matthis,amatthis7r@twitter.com,Male,4993,Teal,8/1/1994
281,Trescha,Dinan,tdinan7s@ehow.com,Female,3713,Purple,3/18/2019
282,Brandie,Domel,bdomel7t@cloudflare.com,Female,1647,Yellow,8/27/1979
283,Nari,Conechie,nconechie7u@shinystat.com,Female,1917,Turquoise,11/14/1932
284,Beitris,Skippon,bskippon7v@homestead.com,Bigender,4092,Maroon,5/11/1946
285,Ree,Gresly,rgresly7w@globo.com,Female,5767,Goldenrod,11/24/1950
286,Harry,Stoeck,hstoeck7x@vistaprint.com,Male,3266,Purple,6/16/1954
287,Simon,Bramont,sbramont7y@patch.com,Male,5205,Pink,8/7/1975
288,Wilbert,Davies,wdavies7z@cbsnews.com,Male,764,Khaki,10/13/1988
289,Nichols,Easman,neasman80@mozilla.org,Male,2397,Puce,5/25/1903
290,Cherish,Stanyforth,cstanyforth81@squidoo.com,Female,2640,Puce,11/29/2004
291,Christal,Phittiplace,cphittiplace82@bandcamp.com,Female,4295,Indigo,5/11/1998
292,Carver,Arrault,carrault83@php.net,Male,3918,Khaki,1/3/1998
293,Taddeusz,Bails,tbails84@tuttocitta.it,Male,3727,Indigo,10/6/2011
294,Rafael,Le Quesne,rlequesne85@tripadvisor.com,Male,1250,Blue,12/1/2015
295,Kris,Gaylard,kgaylard86@java.com,Male,3499,Turquoise,1/17/1948
296,Marve,Charlotte,mcharlotte87@shinystat.com,Male,3503,Violet,8/22/1943
297,Daphna,Tighe,dtighe88@hubpages.com,Female,1518,Indigo,11/10/1992
298,Tania,Benazet,tbenazet89@umich.edu,Female,5745,Green,4/28/2011
299,Caritta,Bartholat,cbartholat8a@t.co,Female,2001,Violet,12/28/1909
300,Malynda,De Filippis,mdefilippis8b@histats.com,Female,1112,Purple,6/27/1930
301,Carol,O'Sharry,cosharry8c@smh.com.au,Female,2029,Violet,12/14/1924
302,Fields,Kelbie,fkelbie8d@instagram.com,Male,4140,Crimson,9/26/1941
303,Cristy,Lightbourne,clightbourne8e@nydailynews.com,Female,3441,Blue,2/1/2006
304,Casandra,Jannequin,cjannequin8f@bbb.org,Female,4973,Crimson,8/21/1917
305,Heall,Stollberg,hstollberg8g@wikipedia.org,Male,5287,Violet,8/27/1970
306,Shellie,Stockdale,sstockdale8h@shinystat.com,Female,5640,Purple,8/3/1922
307,Berty,Sawyer,bsawyer8i@wikispaces.com,Bigender,1949,Aquamarine,9/21/1945
308,Josie,Maffia,jmaffia8j@about.com,Female,3781,Indigo,9/14/1974
309,Jojo,Enocksson,jenocksson8k@ucla.edu,Polygender,1549,Red,4/19/1927
310,Dina,Crutchley,dcrutchley8l@digg.com,Female,5195,Puce,12/25/1953
311,Robert,Greenleaf,rgreenleaf8m@spiegel.de,Male,2565,Violet,3/7/1939
312,Melva,Bollon,mbollon8n@tiny.cc,Female,3262,Blue,9/29/1995
313,Kaine,Lowin,klowin8o@qq.com,Male,3533,Khaki,4/9/1928
314,Johnath,Raison,jraison8p@parallels.com,Female,1865,Teal,8/31/1903
315,Shamus,Rowlings,srowlings8q@photobucket.com,Male,3483,Mauv,1/20/2015
316,Justinn,Demko,jdemko8r@foxnews.com,Female,2025,Violet,2/12/1986
317,Tiphanie,Hayter,thayter8s@is.gd,Female,4711,Green,10/19/1942
318,Margo,Beddis,mbeddis8t@wsj.com,Female,3247,Mauv,10/14/2016
319,Marysa,Harron,mharron8u@examiner.com,Female,1408,Maroon,4/10/1988
320,Jody,Swadon,jswadon8v@telegraph.co.uk,Male,2198,Maroon,8/10/1933
321,Faydra,Strahan,fstrahan8w@washington.edu,Female,5835,Puce,10/14/1944
322,Sayre,Dominguez,sdominguez8x@plala.or.jp,Male,1411,Aquamarine,11/13/1993
323,Daloris,Raleston,draleston8y@ovh.net,Female,2573,Teal,4/18/1941
324,Phillipe,Gartan,pgartan8z@sitemeter.com,Male,1667,Violet,10/22/1926
325,Barbe,Hastie,bhastie90@163.com,Female,1611,Blue,9/29/1983
326,Emylee,Widdowson,ewiddowson91@icio.us,Polygender,4401,Violet,4/13/1992
327,Eugenia,Ledgley,eledgley92@cdbaby.com,Female,2830,Blue,12/23/1951
328,Teador,Kira,tkira93@seattletimes.com,Male,1474,Yellow,2/12/1945
329,Hadria,Lambis,hlambis94@nydailynews.com,Female,3839,Orange,11/5/1990
330,Winne,Herrieven,wherrieven95@nhs.uk,Female,2864,Crimson,7/16/2015
331,Hugues,Nerney,hnerney96@cloudflare.com,Male,4708,Goldenrod,5/3/1928
332,Kelvin,Pere,kpere97@yellowbook.com,Male,5670,Blue,4/9/1973
333,Helene,Pitkaithly,hpitkaithly98@cargocollective.com,Polygender,1183,Aquamarine,7/21/1946
334,Jarret,Marrow,jmarrow99@cpanel.net,Male,4628,Goldenrod,6/18/2009
335,Emelina,Cogger,ecogger9a@hhs.gov,Female,1740,Indigo,2/15/1981
336,Robinson,Lamplough,rlamplough9b@altervista.org,Male,3650,Green,5/10/2005
337,Carlotta,Cussins,ccussins9c@purevolume.com,Female,5471,Aquamarine,2/22/1982
338,Clayton,Stirling,cstirling9d@drupal.org,Male,3802,Mauv,6/30/1945
339,Barbra,Mangin,bmangin9e@businessweek.com,Female,4323,Turquoise,7/24/1979
340,Tabbi,Kaveney,tkaveney9f@about.com,Female,3083,Yellow,8/6/1968
341,Gisela,Chiese,gchiese9g@google.ru,Female,3289,Khaki,6/28/1963
342,Felecia,Peperell,fpeperell9h@unicef.org,Female,5556,Fuscia,6/21/1994
343,Jackie,Mollatt,jmollatt9i@cafepress.com,Female,2748,Puce,2/20/2017
344,Filberte,Hedaux,fhedaux9j@icq.com,Polygender,5784,Blue,9/4/1900
345,Agnesse,Lande,alande9k@samsung.com,Female,3426,Yellow,4/5/1905
346,Gena,Lednor,glednor9l@latimes.com,Female,5305,Mauv,2/4/1975
347,Rosie,Grigoriscu,rgrigoriscu9m@rambler.ru,Female,1210,Aquamarine,8/1/1998
348,Isidore,Smalley,ismalley9n@macromedia.com,Male,4253,Turquoise,4/1/1941
349,Duff,Renihan,drenihan9o@feedburner.com,Male,3771,Purple,1/23/2017
350,Glendon,Mariet,gmariet9p@yelp.com,Male,1134,Red,5/29/1978
351,Kathe,MacShirie,kmacshirie9q@house.gov,Female,1090,Blue,10/18/1916
352,Isiahi,Glastonbury,iglastonbury9r@deviantart.com,Male,4147,Turquoise,4/5/1980
353,Rowland,Lowth,rlowth9s@msu.edu,Male,3848,Goldenrod,7/25/1912
354,Lotti,Fairley,lfairley9t@forbes.com,Genderqueer,4875,Blue,1/17/1929
355,Gage,Purrington,gpurrington9u@wsj.com,Male,1127,Indigo,3/4/1904
356,Max,Dautry,mdautry9v@posterous.com,Male,4311,Yellow,7/3/1936
357,Sharity,Hallgalley,shallgalley9w@ox.ac.uk,Female,2951,Red,12/23/1951
358,Ellswerth,Strickland,estrickland9x@hugedomains.com,Male,3784,Purple,1/9/1975
359,Cleo,Grishankov,cgrishankov9y@dot.gov,Female,2879,Green,9/3/1909
360,Wynn,Stembridge,wstembridge9z@creativecommons.org,Female,1368,Pink,11/28/1929
361,Kendricks,Gammons,kgammonsa0@tmall.com,Male,1916,Violet,5/24/1945
362,Alexandra,Trevear,atreveara1@de.vu,Female,5513,Pink,7/13/1959
363,Andeee,Gayther,agaythera2@tinyurl.com,Female,4565,Teal,4/12/1948
364,Bailey,Samms,bsammsa3@com.com,Non-binary,1321,Turquoise,7/9/1983
365,Patin,Bendelow,pbendelowa4@shinystat.com,Male,2993,Pink,6/23/1952
366,Gabby,Makiver,gmakivera5@dmoz.org,Male,5849,Khaki,12/17/2000
367,Marcelle,Wasylkiewicz,mwasylkiewicza6@myspace.com,Female,1721,Yellow,2/23/1993
368,Francisco,Shapiro,fshapiroa7@issuu.com,Bigender,2819,Maroon,7/30/1972
369,Lars,Furmagier,lfurmagiera8@buzzfeed.com,Male,4286,Teal,11/8/1901
370,Beryl,Grzegorczyk,bgrzegorczyka9@biblegateway.com,Female,3796,Purple,3/31/1962
371,Alfy,Stoakley,astoakleyaa@earthlink.net,Male,3354,Fuscia,9/22/1900
372,Robbie,Kibbey,rkibbeyab@homestead.com,Female,821,Teal,6/14/1966
373,Sinclair,Pagelsen,spagelsenac@goo.gl,Male,4737,Red,4/13/1986
374,Ellene,Stangroom,estangroomad@tumblr.com,Female,2710,Mauv,2/13/2008
375,Gerladina,Wards,gwardsae@foxnews.com,Female,5299,Maroon,4/5/1919
376,Dorice,Douthwaite,ddouthwaiteaf@furl.net,Female,1788,Teal,11/16/1951
377,Carlie,Drever,cdreverag@odnoklassniki.ru,Female,4512,Crimson,8/29/1987
378,Cacilia,Allman,callmanah@prnewswire.com,Female,3517,Turquoise,4/19/1932
379,Livvie,Cakes,lcakesai@i2i.jp,Female,2779,Blue,10/14/1959
380,Gearalt,Dun,gdunaj@ca.gov,Male,4710,Yellow,7/23/2005
381,Georges,Dewer,gdewerak@berkeley.edu,Male,3906,Pink,4/14/1901
382,Joane,Rodgman,jrodgmanal@google.com.au,Female,3005,Maroon,2/13/1971
383,Minerva,Rickford,mrickfordam@tamu.edu,Female,3213,Green,9/17/1978
384,Terri,Whyke,twhykean@acquirethisname.com,Female,3027,Violet,8/26/1911
385,Thorndike,Heinig,theinigao@upenn.edu,Male,4748,Yellow,10/31/1996
386,Edsel,Alabone,ealaboneap@ebay.com,Male,5926,Crimson,9/3/1983
387,Perceval,Redihough,predihoughaq@squidoo.com,Male,2780,Red,6/3/1926
388,Stacie,Wandless,swandlessar@webmd.com,Female,5761,Yellow,2/4/1937
389,Ardelle,Filippov,afilippovas@adobe.com,Female,1547,Aquamarine,10/25/1995
390,Etti,Baselli,ebaselliat@yahoo.com,Female,4996,Orange,6/7/2013
391,Hersch,Libbey,hlibbeyau@miitbeian.gov.cn,Male,994,Pink,2/13/1934
392,Gloria,Hedling,ghedlingav@sfgate.com,Female,3621,Fuscia,12/6/1964
393,Lindi,Lamborne,llamborneaw@devhub.com,Female,2695,Maroon,12/12/1926
394,Sanson,Chandlar,schandlarax@networksolutions.com,Male,5930,Indigo,2/13/1982
395,Shirleen,Drake,sdrakeay@list-manage.com,Female,4516,Green,1/3/1996
396,Berry,Mangin,bmanginaz@washington.edu,Agender,3172,Goldenrod,10/2/1928
397,Frazer,Noble,fnobleb0@ow.ly,Genderfluid,5023,Goldenrod,9/27/1951
398,Sandy,Renner,srennerb1@blogspot.com,Male,3771,Aquamarine,5/9/1959
399,Cesare,Dinnington,cdinningtonb2@desdev.cn,Male,1867,Mauv,11/5/1944
400,Neala,Mutton,nmuttonb3@umich.edu,Female,5751,Indigo,11/16/2004
401,Ferrel,McNelly,fmcnellyb4@state.tx.us,Male,5889,Puce,12/19/1909
402,Earvin,Hamblyn,ehamblynb5@usnews.com,Male,4400,Teal,12/23/1956
403,Burch,Buddington,bbuddingtonb6@github.io,Male,5467,Fuscia,2/8/1902
404,Judy,Wann,jwannb7@furl.net,Female,5213,Aquamarine,11/1/1999
405,Vernon,Pods,vpodsb8@skyrock.com,Male,5303,Teal,9/3/1949
406,Danni,Benyan,dbenyanb9@mail.ru,Female,2988,Indigo,1/17/1987
407,Marmaduke,Dufall,mdufallba@netscape.com,Male,1221,Crimson,7/6/2008
408,Rozanna,Barthelmes,rbarthelmesbb@multiply.com,Female,3856,Indigo,9/10/1987
409,Fairlie,Jakolevitch,fjakolevitchbc@hc360.com,Male,4253,Aquamarine,7/11/2003
410,Serge,Barca,sbarcabd@xrea.com,Agender,1938,Maroon,5/7/1908
411,Dennie,Egginson,degginsonbe@cnn.com,Male,5611,Orange,12/4/1976
412,Gill,Lightman,glightmanbf@blogtalkradio.com,Male,1519,Goldenrod,9/16/2020
413,Marylin,Nesby,mnesbybg@ca.gov,Female,2227,Turquoise,6/22/2011
414,Verge,Shelford,vshelfordbh@mlb.com,Male,5565,Goldenrod,11/26/1958
415,Farleigh,McMorran,fmcmorranbi@wunderground.com,Male,3325,Turquoise,12/17/1910
416,Alessandra,Eckery,aeckerybj@squidoo.com,Female,1403,Goldenrod,3/24/1937
417,Vernon,Ferriman,vferrimanbk@a8.net,Male,3862,Orange,12/15/2021
418,Nolana,Lewknor,nlewknorbl@sciencedaily.com,Non-binary,3996,Pink,12/22/2004
419,Odella,Reeday,oreedaybm@tamu.edu,Agender,2258,Mauv,2/4/1945
420,Michaela,Scotting,mscottingbn@blogger.com,Female,1286,Red,8/1/1990
421,Stoddard,Le land,slelandbo@businessinsider.com,Female,732,Blue,7/4/1928
422,Daisi,Sibbons,dsibbonsbp@reference.com,Female,1139,Puce,11/7/1969
423,Malanie,Sales,msalesbq@sitemeter.com,Female,4332,Orange,9/23/1977
424,Honoria,Dagworthy,hdagworthybr@cpanel.net,Female,5114,Teal,11/4/1982
425,Ian,Maxwaile,imaxwailebs@about.me,Male,3952,Mauv,4/8/1978
426,Llewellyn,Laville,llavillebt@purevolume.com,Male,3104,Teal,6/28/1960
427,Avery,Toll,atollbu@tripod.com,Male,3573,Mauv,10/31/1908
428,Rubin,Calliss,rcallissbv@netvibes.com,Male,3310,Fuscia,12/31/1927
429,Deny,Hordell,dhordellbw@paginegialle.it,Genderfluid,5377,Orange,5/15/1990
430,Merry,Byer,mbyerbx@independent.co.uk,Female,1640,Goldenrod,9/4/1909
431,Jeddy,Georgievski,jgeorgievskiby@tinypic.com,Polygender,4531,Indigo,8/4/2004
432,Lorette,Diter,lditerbz@istockphoto.com,Female,2520,Aquamarine,8/18/2011
433,Oran,Weiser,oweiserc0@noaa.gov,Male,811,Blue,11/13/1995
434,Vale,Kuhlen,vkuhlenc1@sciencedirect.com,Female,1231,Blue,10/1/1980
435,Philippa,Fairbairn,pfairbairnc2@archive.org,Non-binary,4082,Yellow,2/20/1960
436,Britni,Krale,bkralec3@mysql.com,Female,5565,Purple,10/12/1947
437,Martin,Hansed,mhansedc4@shutterfly.com,Male,2063,Fuscia,2/4/1946
438,Aguste,Langdridge,alangdridgec5@opera.com,Male,1533,Indigo,7/25/1920
439,Marven,De Cruze,mdecruzec6@cpanel.net,Male,2437,Yellow,7/22/1930
440,Byrle,Anderton,bandertonc7@soundcloud.com,Male,2734,Fuscia,12/29/1983
441,Kial,Matussov,kmatussovc8@omniture.com,Female,3368,Khaki,2/10/1959
442,Sarene,Verbrugge,sverbruggec9@skyrock.com,Female,4719,Maroon,3/10/2022
443,Odey,Dermott,odermottca@ow.ly,Male,1535,Teal,5/24/1971
444,Sheryl,Franken,sfrankencb@salon.com,Female,1345,Goldenrod,7/4/1995
445,Hunfredo,Huckstepp,hhucksteppcc@msn.com,Male,2931,Crimson,12/31/1973
446,Britteny,Rzehorz,brzehorzcd@un.org,Female,1572,Aquamarine,8/6/2015
447,Lucina,Mapson,lmapsonce@sourceforge.net,Female,2601,Goldenrod,3/20/1937
448,Finn,Farnaby,ffarnabycf@squarespace.com,Male,2295,Yellow,3/12/1921
449,Richmond,Rumsey,rrumseycg@gov.uk,Male,4399,Violet,3/28/1994
450,Orelle,Devoy,odevoych@army.mil,Female,2763,Aquamarine,7/23/2011
451,Lenora,Ornelas,lornelasci@nbcnews.com,Female,1602,Red,9/5/2019
452,Domenico,Balderstone,dbalderstonecj@godaddy.com,Male,1439,Yellow,2/26/1964
453,Aloisia,Disman,adismanck@samsung.com,Female,1060,Yellow,3/24/1991
454,Cissy,Legerton,clegertoncl@vimeo.com,Female,3510,Red,12/31/2020
455,Cecilla,Parncutt,cparncuttcm@sciencedirect.com,Female,1576,Goldenrod,9/29/1949
456,Viva,Eliassen,veliassencn@foxnews.com,Female,1809,Red,10/30/1990
457,Andros,Snoxall,asnoxallco@ftc.gov,Male,3180,Orange,6/1/1923
458,Fredrick,Dewire,fdewirecp@nih.gov,Male,3427,Fuscia,4/1/2005
459,Vanya,Sooper,vsoopercq@51.la,Female,3081,Green,5/23/2003
460,Roger,Hamlin,rhamlincr@ibm.com,Male,5377,Indigo,6/9/1981
461,Rois,Learmont,rlearmontcs@google.co.jp,Female,4182,Aquamarine,6/5/2017
462,Rubetta,Balk,rbalkct@slideshare.net,Female,2163,Aquamarine,8/2/2006
463,Kathi,Godard,kgodardcu@w3.org,Female,2572,Aquamarine,9/24/1966
464,Arnoldo,Karpol,akarpolcv@flavors.me,Polygender,1250,Pink,6/7/1921
465,Padraic,Tilby,ptilbycw@admin.ch,Male,4325,Purple,1/27/1946
466,Emlyn,Fanshaw,efanshawcx@geocities.jp,Male,2051,Teal,8/22/1916
467,Lynde,Meatyard,lmeatyardcy@dailymail.co.uk,Bigender,3775,Yellow,8/30/1918
468,Myrwyn,Creswell,mcreswellcz@dedecms.com,Male,4693,Green,6/4/1963
469,Marion,Tryme,mtrymed0@dropbox.com,Male,2644,Mauv,3/29/1932
470,Porty,Callaghan,pcallaghand1@cbc.ca,Male,5514,Blue,9/15/2021
471,Rafaello,Coston,rcostond2@webeden.co.uk,Male,3949,Aquamarine,6/15/1908
472,Lars,Calltone,lcalltoned3@unblog.fr,Male,1805,Turquoise,8/12/2006
473,Alex,Frowd,afrowdd4@usa.gov,Male,1350,Green,10/1/1908
474,Thibaud,Alder,talderd5@netlog.com,Male,3547,Fuscia,4/3/1908
475,Llewellyn,Sullens,lsullensd6@house.gov,Genderqueer,1864,Mauv,7/31/2011
476,Joshia,Wiskar,jwiskard7@list-manage.com,Male,4645,Maroon,8/27/2006
477,Levin,Currington,lcurringtond8@bandcamp.com,Male,2135,Maroon,12/7/1964
478,Edythe,Lafond,elafondd9@storify.com,Female,1712,Violet,5/20/1949
479,Berty,Pascow,bpascowda@globo.com,Female,4948,Green,4/30/1940
480,Kesley,Goater,kgoaterdb@clickbank.net,Polygender,4029,Khaki,1/6/1935
481,Jackie,Deme,jdemedc@oracle.com,Male,2529,Fuscia,10/29/1902
482,Gordan,Beaman,gbeamandd@amazon.co.uk,Male,5143,Violet,12/28/1952
483,Puff,Ledson,pledsonde@blogspot.com,Male,5293,Blue,9/7/1979
484,Ellwood,Ingilson,eingilsondf@free.fr,Male,1940,Aquamarine,6/16/2014
485,Lea,Haston,lhastondg@xinhuanet.com,Female,3695,Fuscia,9/21/1986
486,Tiffany,Samson,tsamsondh@latimes.com,Polygender,5329,Orange,2/8/1947
487,Betsy,Cervantes,bcervantesdi@seesaa.net,Bigender,1257,Khaki,4/10/1927
488,Jeddy,Virgo,jvirgodj@kickstarter.com,Agender,2724,Green,5/30/1980
489,Hakeem,Blasgen,hblasgendk@edublogs.org,Male,1896,Khaki,3/27/1910
490,Burty,Gostage,bgostagedl@hostgator.com,Male,3311,Orange,8/9/1929
491,Rora,Pearcy,rpearcydm@deliciousdays.com,Female,1304,Maroon,6/21/1991
492,Elyse,Josskowitz,ejosskowitzdn@plala.or.jp,Female,3293,Teal,10/25/1916
493,Sawyere,Aikett,saikettdo@51.la,Male,3476,Red,3/29/1916
494,Graham,Duckworth,gduckworthdp@feedburner.com,Male,938,Violet,1/30/1964
495,Carolynn,Flowerdew,cflowerdewdq@icq.com,Female,3077,Purple,8/21/1986
496,Evania,Spyby,espybydr@cnet.com,Female,5538,Yellow,9/16/1955
497,Flinn,Rand,frandds@jigsy.com,Bigender,1928,Goldenrod,3/11/1938
498,Chanda,Boucher,cboucherdt@cornell.edu,Female,2800,Goldenrod,7/20/1947
499,Peggy,Trett,ptrettdu@vkontakte.ru,Female,3663,Pink,11/8/1930
500,Lynna,Bertlin,lbertlindv@deliciousdays.com,Female,3328,Mauv,2/10/1927
501,Dawn,Jatczak,djatczakdw@mlb.com,Female,1505,Aquamarine,10/4/1936
502,Lisabeth,Overlow,loverlowdx@webeden.co.uk,Female,5049,Maroon,1/30/1986
503,Nata,Elderidge,nelderidgedy@liveinternet.ru,Female,890,Mauv,1/23/2010
504,Yves,Daughtery,ydaughterydz@macromedia.com,Male,2376,Green,4/4/2014
505,Dominic,Iscowitz,discowitze0@bing.com,Male,5582,Violet,12/18/1955
506,Merrel,Hauger,mhaugere1@yellowpages.com,Male,3440,Purple,7/18/1930
507,Edgard,Camamile,ecamamilee2@gmpg.org,Male,3329,Goldenrod,8/1/1997
508,Randal,Gallone,rgallonee3@fastcompany.com,Male,1247,Orange,7/31/1918
509,Novelia,McLucky,nmcluckye4@phpbb.com,Female,4917,Goldenrod,8/1/1930
510,Sherlocke,Folkard,sfolkarde5@nifty.com,Male,3362,Blue,10/20/1970
511,Nerty,Toderini,ntoderinie6@psu.edu,Female,1831,Maroon,10/31/2017
512,Verena,Habbes,vhabbese7@eventbrite.com,Female,4937,Blue,9/16/1955
513,Xymenes,Ferry,xferrye8@shutterfly.com,Male,1803,Purple,1/30/2009
514,Sylvan,Hann,shanne9@diigo.com,Male,4943,Teal,6/25/1913
515,Ganny,Slemmonds,gslemmondsea@wired.com,Male,5126,Green,6/21/2022
516,Renie,Hebborne,rhebborneeb@amazon.de,Female,5038,Red,4/12/1927
517,Hiram,Townsend,htownsendec@csmonitor.com,Male,871,Crimson,12/9/1927
518,Eb,Lamport,elamported@tripadvisor.com,Male,1746,Indigo,5/25/1977
519,Leisha,Checkley,lcheckleyee@tmall.com,Female,4147,Red,2/2/1927
520,Faunie,McGonigal,fmcgonigalef@google.nl,Female,3603,Purple,10/6/1980
521,Gordie,Patkin,gpatkineg@sakura.ne.jp,Male,4509,Turquoise,7/21/1919
522,Sherwood,Yoxen,syoxeneh@vk.com,Male,5606,Blue,5/12/1963
523,Melisenda,Wasteney,mwasteneyei@vkontakte.ru,Female,1701,Violet,5/3/1992
524,Billy,Huckin,bhuckinej@omniture.com,Female,3792,Maroon,11/16/1940
525,Elsworth,Commander,ecommanderek@arizona.edu,Genderfluid,5115,Purple,11/5/1930
526,Katherine,Ruby,krubyel@homestead.com,Female,4223,Mauv,9/8/1999
527,Philis,Tremathick,ptremathickem@cnbc.com,Female,1991,Orange,10/3/1918
528,Randi,Coldham,rcoldhamen@yolasite.com,Male,3922,Puce,6/28/1915
529,Dudley,Donet,ddoneteo@toplist.cz,Male,2033,Crimson,1/18/1948
530,Dion,Deem,ddeemep@youku.com,Female,4551,Goldenrod,12/21/1957
531,Liz,Eddie,leddieeq@woothemes.com,Female,4963,Fuscia,7/24/1934
532,Sapphira,Bealing,sbealinger@ycombinator.com,Female,1125,Maroon,3/26/1976
533,Dyana,Wearn,dwearnes@google.it,Genderqueer,2193,Blue,3/7/1986
534,Emerson,Lomax,elomaxet@livejournal.com,Male,5188,Khaki,5/10/1975
535,Paule,Capstick,pcapstickeu@google.com,Female,853,Mauv,7/7/1922
536,Alphonse,Mungham,amunghamev@reddit.com,Male,3062,Pink,12/10/1932
537,Holt,Casterou,hcasterouew@nih.gov,Male,1319,Crimson,9/27/1923
538,Mariska,Postgate,mpostgateex@sun.com,Female,4724,Pink,6/14/1964
539,Frasco,Dufour,fdufourey@indiegogo.com,Male,3876,Khaki,3/11/1965
540,Abe,Moscrop,amoscropez@ted.com,Male,3588,Pink,11/5/1953
541,Temp,Gwillim,tgwillimf0@soundcloud.com,Male,2589,Teal,9/19/2007
542,Annabell,Tuffley,atuffleyf1@cargocollective.com,Female,4338,Teal,5/15/1924
543,Amber,Greydon,agreydonf2@weather.com,Female,4856,Fuscia,12/30/1962
544,Alphard,Martino,amartinof3@exblog.jp,Male,3060,Blue,3/12/1910
545,Jarrett,Carous,jcarousf4@yellowpages.com,Male,2325,Pink,8/1/2010
546,Mose,Kesten,mkestenf5@xing.com,Male,5361,Indigo,12/26/1983
547,Dagmar,Plose,dplosef6@nbcnews.com,Female,3754,Violet,4/19/1912
548,Lane,Dyment,ldymentf7@cbc.ca,Male,5567,Goldenrod,7/25/1948
549,Barris,MacLese,bmaclesef8@myspace.com,Male,1374,Teal,6/25/1931
550,Natala,Rosenblad,nrosenbladf9@hhs.gov,Female,1659,Blue,6/7/1909
551,Roselin,Radage,rradagefa@mapy.cz,Female,5242,Teal,10/17/1973
552,Giacinta,Bertolaccini,gbertolaccinifb@uiuc.edu,Genderfluid,4664,Green,5/25/1940
553,Michale,Bentley,mbentleyfc@biblegateway.com,Male,815,Green,8/26/1972
554,Milli,Bampford,mbampfordfd@ucsd.edu,Female,5499,Puce,4/13/1958
555,Putnem,Dawidman,pdawidmanfe@admin.ch,Male,1458,Teal,7/20/1994
556,Caprice,Cousen,ccousenff@wikimedia.org,Female,1718,Khaki,8/14/2006
557,Cherry,Honnicott,chonnicottfg@squarespace.com,Female,2161,Yellow,9/26/2002
558,Ignazio,Holberry,iholberryfh@hostgator.com,Male,1596,Pink,10/7/1935
559,Orrin,Whyke,owhykefi@netscape.com,Male,2100,Puce,6/5/2014
560,Elisha,Sidry,esidryfj@telegraph.co.uk,Male,5168,Puce,10/25/1982
561,Adair,Huyche,ahuychefk@nymag.com,Male,4768,Yellow,5/14/1911
562,Elliot,Sweetzer,esweetzerfl@goo.ne.jp,Male,3172,Purple,4/1/1924
563,Zita,Vigours,zvigoursfm@smh.com.au,Female,5492,Purple,3/7/1988
564,Marsiella,Tsarovic,mtsarovicfn@typepad.com,Genderfluid,2155,Fuscia,6/13/1976
565,Theresa,Wicklin,twicklinfo@photobucket.com,Female,2268,Pink,10/23/1930
566,Alexine,Geharke,ageharkefp@oaic.gov.au,Female,3031,Mauv,5/20/1932
567,Dare,Doherty,ddohertyfq@examiner.com,Male,1768,Pink,4/5/1996
568,Marcellus,Bjerkan,mbjerkanfr@google.ru,Male,5042,Turquoise,2/18/1932
569,Lancelot,Dahill,ldahillfs@wp.com,Male,2716,Mauv,9/10/1967
570,Paten,Dadds,pdaddsft@sciencedirect.com,Male,1071,Green,7/13/1914
571,Paulie,Clemensen,pclemensenfu@scribd.com,Female,1950,Khaki,4/22/2016
572,Logan,Brandli,lbrandlifv@ow.ly,Male,1132,Crimson,4/29/1941
573,Thornie,Boshers,tboshersfw@independent.co.uk,Male,786,Maroon,10/2/1999
574,Wolfie,Hundall,whundallfx@deliciousdays.com,Male,4570,Purple,10/11/1939
575,Wallace,Le Fleming,wleflemingfy@dagondesign.com,Male,1654,Teal,7/18/1986
576,Enos,Soppitt,esoppittfz@dion.ne.jp,Male,1382,Teal,10/6/2004
577,Leoine,Balsellie,lbalsellieg0@artisteer.com,Female,2014,Yellow,3/7/2016
578,Evelyn,Mayne,emayneg1@joomla.org,Female,3175,Puce,2/1/1967
579,Legra,Crowcroft,lcrowcroftg2@51.la,Female,2174,Yellow,11/30/1918
580,Bree,Clinning,bclinningg3@amazon.de,Female,2775,Mauv,3/15/1979
581,Terri,Shane,tshaneg4@dropbox.com,Male,1491,Turquoise,3/3/1937
582,Korella,Easterbrook,keasterbrookg5@ca.gov,Female,2050,Puce,7/22/1979
583,Cacilie,Broadey,cbroadeyg6@cpanel.net,Female,3422,Red,10/16/1964
584,Waylon,Clissell,wclissellg7@hp.com,Male,5373,Indigo,4/12/1918
585,Clementia,Chalke,cchalkeg8@bloglovin.com,Female,1706,Green,10/26/1958
586,Bridie,Ceaplen,bceapleng9@wikia.com,Female,3668,Violet,10/1/1998
587,Raffarty,Leverton,rlevertonga@forbes.com,Male,3678,Goldenrod,10/10/1936
588,Verina,Pritchard,vpritchardgb@discuz.net,Female,4562,Mauv,4/6/1913
589,Ashly,Dmitrievski,admitrievskigc@ed.gov,Female,3810,Purple,9/16/2017
590,Lazaro,Gorrissen,lgorrissengd@hatena.ne.jp,Male,2746,Violet,11/29/1983
591,Harley,Knowling,hknowlingge@google.com.hk,Female,3553,Green,3/28/1955
592,Eddie,Eloi,eeloigf@chron.com,Male,2194,Maroon,9/15/1901
593,Carri,Perryman,cperrymangg@ca.gov,Female,5345,Khaki,2/16/1927
594,Kesley,Itscowics,kitscowicsgh@virginia.edu,Bigender,5581,Fuscia,1/16/2020
595,Donetta,Manifield,dmanifieldgi@harvard.edu,Female,4855,Teal,3/29/1979
596,Hayyim,Huntley,hhuntleygj@mediafire.com,Male,4993,Goldenrod,2/18/1972
597,Kingsly,MacGiolla Pheadair,kmacgiollapheadairgk@google.es,Male,2259,Blue,3/27/1948
598,Vale,Fobidge,vfobidgegl@cnet.com,Female,5261,Teal,12/19/1952
599,Tracie,Coggin,tcoggingm@gnu.org,Female,5107,Pink,11/29/1937
600,Jannelle,Olivo,jolivogn@seattletimes.com,Agender,3945,Puce,10/17/1988
601,Wilburt,Drewe,wdrewego@si.edu,Male,4974,Khaki,11/17/1950
602,Maudie,Gonnel,mgonnelgp@sohu.com,Agender,5400,Teal,1/21/1920
603,Addy,Batson,abatsongq@myspace.com,Genderfluid,3212,Pink,12/30/1979
604,Doug,Pagden,dpagdengr@symantec.com,Male,2192,Purple,12/9/1968
605,Lucilia,Freshwater,lfreshwatergs@buzzfeed.com,Female,4423,Khaki,6/28/1988
606,Tamera,Vivers,tviversgt@zdnet.com,Female,4408,Fuscia,3/5/1989
607,Katerina,Shevlin,kshevlingu@posterous.com,Genderfluid,5207,Crimson,9/12/1999
608,Kikelia,Noel,knoelgv@wikimedia.org,Female,4075,Yellow,4/20/1922
609,Alix,Maylott,amaylottgw@slate.com,Female,2739,Fuscia,8/7/1990
610,Melita,Paolillo,mpaolillogx@go.com,Female,2548,Aquamarine,9/24/1924
611,Ignacius,Firidolfi,ifiridolfigy@wiley.com,Male,2067,Teal,2/10/1924
612,Maye,Innes,minnesgz@shutterfly.com,Female,1732,Turquoise,10/18/1917
613,Silas,Flay,sflayh0@dedecms.com,Male,2654,Violet,4/26/1930
614,Marissa,Dyne,mdyneh1@ftc.gov,Female,2834,Aquamarine,8/13/1998
615,Fletcher,Cisneros,fcisnerosh2@thetimes.co.uk,Male,3104,Maroon,11/12/1939
616,Ritchie,Rabley,rrableyh3@amazon.de,Male,1845,Purple,1/18/1928
617,Maressa,Mawtus,mmawtush4@guardian.co.uk,Female,2789,Red,3/4/2003
618,Garfield,Frantzen,gfrantzenh5@bloomberg.com,Male,1294,Red,8/29/1939
619,Winfred,Gilbride,wgilbrideh6@narod.ru,Male,5824,Green,8/21/1976
620,Lanny,Heathcott,lheathcotth7@berkeley.edu,Agender,1689,Orange,5/5/1918
621,Purcell,Sive,psiveh8@pbs.org,Male,3219,Mauv,6/12/1979
622,Samantha,Pauletto,spaulettoh9@scribd.com,Female,707,Violet,4/7/1970
623,Gwyn,Wittering,gwitteringha@parallels.com,Female,5844,Violet,10/17/1923
624,Cloris,Tiltman,ctiltmanhb@jalbum.net,Female,1522,Purple,6/17/1963
625,Waly,Benion,wbenionhc@dyndns.org,Female,3797,Indigo,7/12/1915
626,Kenneth,Redbourn,kredbournhd@ebay.com,Male,5341,Teal,1/9/1927
627,Sibyl,Quiney,squineyhe@behance.net,Male,2569,Crimson,11/5/1972
628,Laetitia,Maslen,lmaslenhf@issuu.com,Female,4876,Khaki,2/1/1901
629,Kurt,Pidgeon,kpidgeonhg@goodreads.com,Male,2362,Purple,8/20/1990
630,Estrellita,Monkman,emonkmanhh@salon.com,Female,3036,Green,12/1/1923
631,Bartram,Quirk,bquirkhi@alibaba.com,Male,1880,Blue,12/10/2007
632,Bevan,Littrick,blittrickhj@goodreads.com,Male,5166,Fuscia,12/18/1931
633,Yvonne,Gosden,ygosdenhk@miibeian.gov.cn,Female,1571,Red,11/27/1927
634,Kendre,Brekonridge,kbrekonridgehl@mtv.com,Female,930,Purple,7/12/2018
635,Ramona,Quemby,rquembyhm@intel.com,Female,3301,Indigo,9/28/1992
636,Jade,Palfreeman,jpalfreemanhn@uol.com.br,Female,1025,Purple,1/26/1905
637,Kitty,Feechan,kfeechanho@godaddy.com,Female,4888,Khaki,10/24/1949
638,Grier,Busch,gbuschhp@geocities.com,Female,5720,Goldenrod,12/6/1977
639,El,Brader,ebraderhq@guardian.co.uk,Polygender,2541,Purple,5/23/2015
640,Matteo,Fishleigh,mfishleighhr@booking.com,Male,1384,Puce,3/6/2012
641,Gui,Ferrini,gferrinihs@wunderground.com,Genderfluid,2579,Pink,11/19/1944
642,Hilly,Parmiter,hparmiterht@domainmarket.com,Male,832,Teal,5/31/1905
643,Meta,Basson,mbassonhu@foxnews.com,Female,5672,Fuscia,5/6/2012
644,Fin,Dowsing,fdowsinghv@tiny.cc,Male,2693,Blue,10/11/1907
645,August,Earles,aearleshw@qq.com,Male,3121,Puce,6/11/1962
646,Melvyn,Bull,mbullhx@economist.com,Male,2661,Teal,8/21/1933
647,Filippo,Dory,fdoryhy@people.com.cn,Male,1405,Green,4/24/2003
648,Teddy,Valett,tvaletthz@comcast.net,Male,5637,Yellow,3/8/1925
649,Crystal,Comben,ccombeni0@imageshack.us,Female,5527,Maroon,1/25/1943
650,Bevin,McCowan,bmccowani1@freewebs.com,Male,4788,Khaki,8/7/1967
651,Ransom,McCulloch,rmccullochi2@goo.ne.jp,Male,1081,Green,1/12/1942
652,Brigid,Mollene,bmollenei3@histats.com,Female,2293,Indigo,6/5/2014
653,Melitta,Pountain,mpountaini4@zdnet.com,Female,4872,Puce,3/31/2012
654,Heriberto,Charker,hcharkeri5@telegraph.co.uk,Male,5646,Pink,9/8/1973
655,Blakelee,Joules,bjoulesi6@jimdo.com,Female,1703,Aquamarine,4/7/2022
656,Bertine,McGlade,bmcgladei7@sun.com,Female,5227,Turquoise,6/22/2014
657,Iggie,Thaw,ithawi8@indiatimes.com,Male,5636,Pink,2/9/1943
658,Chester,Eagling,ceaglingi9@ehow.com,Male,3018,Mauv,2/25/1976
659,Ulrike,Kaliszewski,ukaliszewskiia@privacy.gov.au,Female,2626,Fuscia,11/8/1961
660,Jeffie,Crallan,jcrallanib@addthis.com,Male,4172,Pink,5/10/1942
661,Kort,Gillice,kgilliceic@squarespace.com,Male,2614,Fuscia,6/28/1925
662,Cirstoforo,Grogor,cgrogorid@ca.gov,Male,1574,Fuscia,12/17/2001
663,Tamma,Delf,tdelfie@vimeo.com,Female,1431,Puce,3/31/1923
664,Hayden,Bedlington,hbedlingtonif@amazon.de,Polygender,2177,Green,3/12/1925
665,Nevin,McTurk,nmcturkig@blogger.com,Male,3207,Purple,1/16/1949
666,Maximilianus,Hamp,mhampih@census.gov,Male,1560,Pink,10/23/1993
667,Donal,Burree,dburreeii@tmall.com,Bigender,5327,Blue,6/7/1947
668,Gwen,Matonin,gmatoninij@usa.gov,Female,2675,Khaki,4/7/1953
669,Issiah,Brandom,ibrandomik@vkontakte.ru,Male,3100,Maroon,4/27/1955
670,Launce,Boys,lboysil@nydailynews.com,Male,1590,Yellow,8/18/1974
671,Vanny,Paxton,vpaxtonim@reference.com,Female,1580,Violet,8/11/1945
672,Orin,Doddrell,ododdrellin@walmart.com,Male,961,Fuscia,7/21/1914
673,Garrett,Dawidowsky,gdawidowskyio@sun.com,Male,4132,Turquoise,9/29/2007
674,Lorens,Wofenden,lwofendenip@godaddy.com,Male,3092,Puce,10/8/1952
675,Trudey,Philp,tphilpiq@blog.com,Female,4046,Crimson,2/14/1977
676,Sylvester,Quinton,squintonir@pbs.org,Agender,3913,Violet,2/12/1968
677,Missie,Medmore,mmedmoreis@domainmarket.com,Female,1147,Indigo,9/23/1954
678,Kelsey,Vasyunkin,kvasyunkinit@auda.org.au,Male,4539,Maroon,10/6/1911
679,Germain,Macci,gmacciiu@unblog.fr,Female,1613,Khaki,10/24/1981
680,Debbi,Pudan,dpudaniv@shinystat.com,Female,2062,Khaki,10/5/1914
681,Lily,Baytrop,lbaytropiw@imdb.com,Genderqueer,5090,Red,1/11/2005
682,Beverie,Eccleshall,beccleshallix@privacy.gov.au,Female,987,Red,9/7/1937
683,Konstance,Moorcroft,kmoorcroftiy@mayoclinic.com,Female,3508,Aquamarine,2/2/1999
684,Marion,Roseaman,mroseamaniz@wsj.com,Male,4520,Turquoise,6/18/2001
685,Mandel,Tomaszek,mtomaszekj0@engadget.com,Male,2131,Indigo,2/26/1977
686,Della,Fieldgate,dfieldgatej1@auda.org.au,Female,5197,Goldenrod,6/24/1993
687,Ricca,Ollington,rollingtonj2@columbia.edu,Female,4478,Maroon,5/3/1928
688,Fancie,Masselin,fmasselinj3@netvibes.com,Female,4452,Orange,10/22/1958
689,Norri,Jiggle,njigglej4@baidu.com,Female,2182,Aquamarine,1/26/1985
690,Hesther,Yuryichev,hyuryichevj5@shop-pro.jp,Female,1719,Blue,2/15/1912
691,Tripp,Churm,tchurmj6@bluehost.com,Male,4291,Mauv,7/6/2008
692,Madeline,Ludman,mludmanj7@163.com,Female,5847,Teal,4/3/1998
693,Pepillo,Chantler,pchantlerj8@purevolume.com,Male,1235,Yellow,10/5/1942
694,Mikael,Seivertsen,mseivertsenj9@last.fm,Male,3818,Purple,8/6/1913
695,Allix,Lejeune,alejeuneja@mapquest.com,Female,4830,Maroon,4/10/1931
696,Daniele,Cofax,dcofaxjb@opera.com,Female,5795,Puce,3/21/1981
697,Storm,Laight,slaightjc@geocities.jp,Female,5777,Khaki,7/1/2009
698,Nertie,Danielis,ndanielisjd@joomla.org,Female,2561,Teal,12/27/1999
699,Pete,Buckler,pbucklerje@privacy.gov.au,Male,861,Mauv,7/27/1953
700,Drucie,Mechan,dmechanjf@hatena.ne.jp,Female,3502,Yellow,7/18/1975
701,Reider,Sarre,rsarrejg@furl.net,Male,1353,Aquamarine,4/25/2007
702,Marnie,Pyecroft,mpyecroftjh@nsw.gov.au,Female,3929,Yellow,10/23/1927
703,Chelsey,McCague,cmccagueji@prnewswire.com,Female,2686,Goldenrod,5/10/2007
704,Arley,Espinheira,aespinheirajj@ox.ac.uk,Male,2540,Teal,1/4/1972
705,Selig,Ubsdell,subsdelljk@usatoday.com,Male,2084,Green,5/4/1979
706,Nert,Oldland,noldlandjl@bbb.org,Female,5223,Yellow,6/25/1965
707,Nikkie,Messenger,nmessengerjm@theglobeandmail.com,Female,3738,Violet,4/18/1950
708,Norry,Tuite,ntuitejn@gov.uk,Male,1896,Goldenrod,8/2/1901
709,Papageno,Rains,prainsjo@rambler.ru,Male,3002,Violet,6/23/1952
710,Rock,O'Luby,rolubyjp@washington.edu,Male,5350,Indigo,6/24/1929
711,Gus,Pettinger,gpettingerjq@ifeng.com,Male,4723,Green,10/5/1952
712,Beverly,Penton,bpentonjr@infoseek.co.jp,Female,1060,Purple,10/12/1989
713,Lisa,Ferrettino,lferrettinojs@gov.uk,Female,4029,Pink,10/8/1982
714,Jemimah,Hardcastle,jhardcastlejt@msu.edu,Agender,1026,Indigo,9/4/1919
715,Alisander,Garriock,agarriockju@state.tx.us,Male,3075,Blue,11/21/1901
716,Zia,Woodrooffe,zwoodrooffejv@techcrunch.com,Female,992,Blue,6/4/1945
717,Kelby,Cromly,kcromlyjw@tuttocitta.it,Genderfluid,4708,Purple,4/13/1982
718,Townsend,Maddison,tmaddisonjx@miibeian.gov.cn,Non-binary,4470,Orange,11/19/1943
719,Derick,Ickeringill,dickeringilljy@gov.uk,Male,3851,Fuscia,2/15/1976
720,Yorgo,Hartigan,yhartiganjz@sourceforge.net,Male,4865,Turquoise,9/13/1965
721,Bevon,Andreasen,bandreasenk0@reference.com,Polygender,1979,Mauv,12/26/1928
722,Iorgos,Attenborough,iattenboroughk1@webmd.com,Genderfluid,4463,Mauv,1/15/1974
723,Morey,Evett,mevettk2@ifeng.com,Male,5790,Violet,10/29/1983
724,Aleksandr,Wrench,awrenchk3@51.la,Male,2208,Teal,9/23/1934
725,Sacha,Jago,sjagok4@washington.edu,Female,3248,Yellow,3/24/1997
726,Jania,Flewett,jflewettk5@usgs.gov,Female,5908,Mauv,11/19/1948
727,Karrie,Ricarde,kricardek6@senate.gov,Female,4298,Crimson,10/1/1907
728,Blondy,Powney,bpowneyk7@bluehost.com,Female,5342,Crimson,4/28/1984
729,Carr,Danes,cdanesk8@addtoany.com,Male,4375,Teal,1/16/1978
730,Neddie,Grinnell,ngrinnellk9@taobao.com,Male,1897,Yellow,10/31/1938
731,Grenville,Bigrigg,gbigriggka@ucoz.ru,Male,1245,Teal,3/14/1945
732,Sean,Peck,speckkb@networksolutions.com,Male,5356,Crimson,5/5/1914
733,Kristoffer,Ghiriardelli,kghiriardellikc@dmoz.org,Male,4689,Turquoise,2/4/1970
734,Danella,Kitteridge,dkitteridgekd@mashable.com,Female,3014,Violet,3/8/1911
735,Marrissa,Parrot,mparrotke@mozilla.com,Female,2842,Fuscia,11/25/2007
736,Mirabella,Bloxham,mbloxhamkf@altervista.org,Female,2299,Blue,12/25/1971
737,Alf,Orht,aorhtkg@samsung.com,Male,3275,Puce,1/25/1985
738,Henka,Roskrug,hroskrugkh@ucla.edu,Female,5592,Mauv,11/8/1909
739,Lazaro,Barttrum,lbarttrumki@cisco.com,Male,2081,Turquoise,6/19/1910
740,Jarrad,Greenhouse,jgreenhousekj@ehow.com,Male,2780,Green,10/7/1900
741,Arnuad,Langthorne,alangthornekk@seesaa.net,Male,5206,Maroon,7/27/1914
742,Traci,Evamy,tevamykl@1688.com,Non-binary,1020,Aquamarine,11/11/2019
743,Ives,Ohrtmann,iohrtmannkm@yandex.ru,Male,5741,Violet,10/1/1943
744,Hansiain,Jolliff,hjolliffkn@guardian.co.uk,Male,2294,Teal,6/3/1909
745,Leilah,Eveling,levelingko@alibaba.com,Female,5714,Red,5/5/1910
746,Devinne,Sign,dsignkp@cornell.edu,Female,1776,Khaki,12/26/1965
747,Aubry,Aucourte,aaucourtekq@ocn.ne.jp,Female,2545,Puce,1/8/2015
748,Rianon,O'Hartnedy,rohartnedykr@g.co,Female,4115,Maroon,7/22/2000
749,Brooks,Bauchop,bbauchopks@ucoz.ru,Female,1333,Khaki,10/18/1981
750,Case,Spacie,cspaciekt@ucoz.ru,Male,4904,Violet,9/14/1905
751,Mathew,Hastwell,mhastwellku@abc.net.au,Male,2124,Khaki,9/7/1965
752,Nadya,Kynman,nkynmankv@photobucket.com,Female,2545,Mauv,2/22/1936
753,Caspar,Alfonzo,calfonzokw@ning.com,Male,2608,Puce,1/12/1931
754,Luciana,Janczyk,ljanczykkx@yale.edu,Genderfluid,1535,Crimson,9/25/1992
755,Renado,Wiseman,rwisemanky@pbs.org,Male,5407,Orange,5/10/1999
756,Patrizia,Geggus,pgegguskz@freewebs.com,Female,5358,Goldenrod,1/14/1996
757,Janella,Brunner,jbrunnerl0@biblegateway.com,Female,752,Violet,5/17/1933
758,Shandeigh,Petrushanko,spetrushankol1@drupal.org,Female,3739,Indigo,3/20/1921
759,Terrence,Coogan,tcooganl2@live.com,Male,5039,Violet,12/1/1965
760,Fanny,Huffer,fhufferl3@fema.gov,Female,4294,Yellow,1/28/2006
761,Katuscha,Dast,kdastl4@uol.com.br,Female,1792,Green,3/6/1924
762,Nikki,Stendall,nstendalll5@posterous.com,Male,1759,Blue,6/21/1948
763,Corine,Hryskiewicz,chryskiewiczl6@nbcnews.com,Female,1829,Crimson,7/24/2000
764,Jedidiah,Grzeskowski,jgrzeskowskil7@last.fm,Male,2114,Aquamarine,7/1/1995
765,Krispin,Lamdin,klamdinl8@slideshare.net,Male,5113,Turquoise,12/17/1979
766,Darill,Roast,droastl9@delicious.com,Bigender,3273,Crimson,7/11/1935
767,Asa,Sparham,asparhamla@rediff.com,Male,5412,Purple,10/8/1906
768,Leonardo,Seifenmacher,lseifenmacherlb@mashable.com,Male,5184,Red,6/11/1918
769,Aura,Grafhom,agrafhomlc@zimbio.com,Female,1442,Violet,3/2/1960
770,Kenneth,Colwell,kcolwellld@shareasale.com,Male,4595,Blue,10/15/1935
771,Kiah,Wrixon,kwrixonle@unblog.fr,Female,3618,Maroon,7/27/1995
772,Judi,Emmitt,jemmittlf@de.vu,Female,4335,Maroon,10/12/1904
773,Bail,Sherland,bsherlandlg@cornell.edu,Male,1028,Mauv,8/27/2015
774,Brian,Hullin,bhullinlh@accuweather.com,Male,4511,Fuscia,8/13/1969
775,Elia,Iceton,eicetonli@quantcast.com,Male,5705,Puce,11/22/1900
776,Michaela,Dorricott,mdorricottlj@xing.com,Female,2025,Violet,4/19/1950
777,Ginevra,Roadknight,groadknightlk@hp.com,Female,3118,Purple,11/8/2006
778,Ira,Moxson,imoxsonll@spiegel.de,Male,5604,Mauv,2/14/1980
779,Eward,Clulee,ecluleelm@hibu.com,Male,1920,Aquamarine,12/23/1992
780,Boote,Neubigging,bneubiggingln@paypal.com,Male,3770,Blue,5/23/1907
781,Elton,MacCauley,emaccauleylo@about.me,Agender,2443,Purple,4/22/1944
782,Alessandra,Watling,awatlinglp@tinypic.com,Female,4290,Red,9/5/1949
783,Merwyn,Hamblett,mhamblettlq@baidu.com,Bigender,2569,Khaki,12/10/1925
784,Montague,Foulser,mfoulserlr@comsenz.com,Male,4544,Mauv,4/12/1942
785,Clive,Yorke,cyorkels@ovh.net,Male,3058,Puce,1/10/1974
786,Dianna,Moretto,dmorettolt@sbwire.com,Female,4278,Crimson,12/13/1991
787,Lotti,Lampen,llampenlu@usa.gov,Female,5086,Fuscia,10/30/1979
788,Olivie,Sponer,osponerlv@stumbleupon.com,Female,1113,Turquoise,2/10/1968
789,Marcellina,Baus,mbauslw@xinhuanet.com,Female,1214,Khaki,11/26/1914
790,Shell,Nashe,snashelx@cdc.gov,Female,3502,Orange,10/11/2003
791,Saree,Rooksby,srooksbyly@behance.net,Female,2034,Turquoise,7/15/2006
792,Robbyn,Sails,rsailslz@vk.com,Female,872,Pink,9/15/2018
793,Amata,Santorini,asantorinim0@google.com.hk,Female,4371,Violet,12/26/1973
794,Margette,McCord,mmccordm1@studiopress.com,Female,3677,Puce,8/23/1958
795,Hedi,Hick,hhickm2@dagondesign.com,Female,771,Khaki,8/21/1975
796,Ulrick,Myers,umyersm3@google.nl,Male,2336,Mauv,12/24/1923
797,Lazarus,Abbes,labbesm4@macromedia.com,Male,2487,Orange,7/20/1916
798,Marianna,Smithies,msmithiesm5@google.it,Female,5250,Turquoise,2/20/2021
799,Frieda,Orr,forrm6@sogou.com,Female,2155,Yellow,7/10/2000
800,Alasteir,Ericsson,aericssonm7@pinterest.com,Male,5117,Purple,9/18/1931
801,Neila,Salt,nsaltm8@topsy.com,Agender,825,Purple,6/3/1903
802,Leif,Moehle,lmoehlem9@ftc.gov,Male,2770,Pink,6/29/1941
803,Holli,Itzak,hitzakma@simplemachines.org,Female,4518,Purple,12/11/1964
804,Silvio,Pidon,spidonmb@odnoklassniki.ru,Male,1506,Orange,4/27/1996
805,Abran,Kielty,akieltymc@comsenz.com,Male,2501,Violet,7/26/1946
806,Estell,Yerson,eyersonmd@shutterfly.com,Female,3663,Khaki,7/7/1954
807,Matilda,Oland,molandme@elegantthemes.com,Female,3365,Fuscia,6/24/1994
808,Fons,Yeskin,fyeskinmf@merriam-webster.com,Male,1466,Maroon,12/2/1956
809,Osbourn,Swatridge,oswatridgemg@intel.com,Male,3109,Crimson,7/28/1983
810,Hodge,Laundon,hlaundonmh@cnbc.com,Male,4803,Red,3/2/1981
811,Samuel,Ksandra,sksandrami@stumbleupon.com,Male,4555,Pink,2/10/1908
812,Henderson,Fechnie,hfechniemj@linkedin.com,Male,1835,Violet,6/28/1912
813,Amata,Kaminski,akaminskimk@indiegogo.com,Female,1313,Mauv,2/7/1957
814,Priscilla,Baylay,pbaylayml@ustream.tv,Female,1088,Yellow,3/25/1977
815,Olympie,McAllaster,omcallastermm@craigslist.org,Female,5332,Pink,1/14/1976
816,Alexandre,Hallen,ahallenmn@uol.com.br,Male,2143,Pink,4/11/1943
817,Bobbe,Mitford,bmitfordmo@hexun.com,Female,2243,Red,2/7/1983
818,Oliy,Costy,ocostymp@qq.com,Female,1567,Purple,12/6/2011
819,Netta,Alexsandrov,nalexsandrovmq@over-blog.com,Female,3933,Indigo,6/6/2007
820,Hagan,Gravenall,hgravenallmr@dmoz.org,Male,859,Crimson,10/13/1916
821,Renell,Lembrick,rlembrickms@aboutads.info,Female,1376,Aquamarine,2/27/1908
822,Tuckie,Balling,tballingmt@miibeian.gov.cn,Male,2798,Blue,3/2/1962
823,Jessie,Chess,jchessmu@hp.com,Male,2125,Mauv,10/7/2021
824,Monica,Fayers,mfayersmv@ftc.gov,Female,5199,Orange,8/12/1991
825,Sean,Caneo,scaneomw@4shared.com,Male,5908,Purple,2/28/1950
826,Gerome,Skilbeck,gskilbeckmx@jigsy.com,Male,5419,Red,6/26/2012
827,Zachary,Pech,zpechmy@un.org,Male,3857,Fuscia,2/9/1932
828,Lelia,Plumer,lplumermz@imdb.com,Female,1807,Purple,2/16/1908
829,Pietro,Bemand,pbemandn0@friendfeed.com,Male,5483,Crimson,6/20/1941
830,Albina,MacAless,amacalessn1@drupal.org,Female,1249,Puce,8/16/1999
831,Davin,Ference,dferencen2@yellowbook.com,Male,2537,Goldenrod,12/29/1921
832,Opal,Lempenny,olempennyn3@mozilla.com,Female,1873,Puce,5/21/1987
833,Eliot,Gareisr,egareisrn4@amazonaws.com,Male,4304,Indigo,12/5/1998
834,Maddie,Kobel,mkobeln5@usgs.gov,Male,906,Goldenrod,2/22/1967
835,Travus,Roback,trobackn6@mediafire.com,Male,4409,Yellow,8/22/2001
836,Vidovic,Glavias,vglaviasn7@washington.edu,Male,5188,Green,1/19/1952
837,Delmor,Closs,dclossn8@i2i.jp,Male,5983,Blue,3/24/1992
838,Gearard,Eckels,geckelsn9@i2i.jp,Male,1923,Puce,2/25/1931
839,Johnathon,Thowless,jthowlessna@alibaba.com,Male,1622,Yellow,2/2/2019
840,Gannon,Soot,gsootnb@livejournal.com,Male,4289,Green,5/11/2021
841,Willard,Cuppitt,wcuppittnc@foxnews.com,Male,5591,Puce,6/4/2003
842,Danika,Kittow,dkittownd@arstechnica.com,Female,2792,Violet,12/6/1997
843,Brander,Potier,bpotierne@cbslocal.com,Male,2494,Blue,7/29/1923
844,Pansy,Beckingham,pbeckinghamnf@cargocollective.com,Female,4176,Turquoise,3/17/1941
845,Kip,Waterhouse,kwaterhouseng@zdnet.com,Male,2303,Purple,9/9/1958
846,Dallas,Barthram,dbarthramnh@zimbio.com,Female,4479,Crimson,1/14/1966
847,Frasco,Jeaneau,fjeaneauni@mediafire.com,Male,2922,Red,9/7/1910
848,Aimil,Cockrell,acockrellnj@sciencedirect.com,Female,2570,Violet,3/11/1919
849,Fraze,Tessington,ftessingtonnk@moonfruit.com,Male,731,Teal,10/19/1927
850,Blake,Niesel,bnieselnl@reverbnation.com,Female,3377,Indigo,11/16/1975
851,Jonathon,Dooney,jdooneynm@spotify.com,Male,5930,Mauv,8/2/2002
852,Miltie,Peidro,mpeidronn@ihg.com,Bigender,1254,Pink,4/4/1914
853,Prudy,Fanning,pfanningno@nhs.uk,Female,4149,Indigo,2/7/1912
854,Brear,Streatfeild,bstreatfeildnp@blogs.com,Female,1305,Orange,6/4/1908
855,Alvera,Gallety,agalletynq@slate.com,Polygender,3393,Khaki,11/26/1986
856,Hill,Aujean,haujeannr@xinhuanet.com,Male,2978,Purple,2/3/1961
857,Saleem,Spurnier,sspurnierns@nba.com,Male,3473,Indigo,6/21/2014
858,Loydie,Winward,lwinwardnt@acquirethisname.com,Male,1840,Red,1/26/1934
859,Florrie,Fosberry,ffosberrynu@google.com.au,Female,1942,Maroon,5/19/1972
860,Aeriell,Tollet,atolletnv@weather.com,Female,3696,Blue,6/8/1930
861,Piggy,Beech,pbeechnw@amazon.co.jp,Male,2758,Green,8/30/1990
862,Malvina,Durrad,mdurradnx@apache.org,Female,3553,Aquamarine,6/20/2014
863,Georgie,Smithe,gsmitheny@vistaprint.com,Female,786,Green,5/13/1999
864,Boote,Gosling,bgoslingnz@elegantthemes.com,Male,2629,Indigo,1/24/1917
865,Devonne,Van der Kruys,dvanderkruyso0@seesaa.net,Female,5894,Blue,11/1/1938
866,Tessy,Romain,tromaino1@wordpress.org,Female,5638,Indigo,1/25/2016
867,Collette,Prise,cpriseo2@bloglovin.com,Female,897,Khaki,3/17/1982
868,Ginnifer,Duchant,gduchanto3@accuweather.com,Female,3353,Turquoise,6/10/2016
869,Grannie,Brasener,gbrasenero4@chicagotribune.com,Male,4771,Fuscia,12/27/1989
870,Kath,Di Giorgio,kdigiorgioo5@ebay.com,Female,5998,Yellow,4/13/1976
871,Al,Deegan,adeegano6@toplist.cz,Male,734,Crimson,12/24/1952
872,Charmian,Ronnay,cronnayo7@yahoo.co.jp,Female,1722,Aquamarine,9/14/1923
873,Babbette,Laminman,blaminmano8@cdbaby.com,Polygender,1549,Goldenrod,8/19/2001
874,Parker,Ritchard,pritchardo9@cnbc.com,Male,1307,Aquamarine,5/31/1983
875,Gill,Whorall,gwhoralloa@hc360.com,Female,1753,Goldenrod,9/18/1998
876,Gregoor,Richardes,grichardesob@marketwatch.com,Male,3210,Orange,9/7/1936
877,Aida,Castel,acasteloc@google.ca,Female,4678,Yellow,5/2/1997
878,Svend,Runnalls,srunnallsod@sourceforge.net,Male,3341,Maroon,7/5/1960
879,Carmella,Petrus,cpetrusoe@businessweek.com,Female,5418,Yellow,2/22/1964
880,Igor,Crockett,icrockettof@mtv.com,Male,2105,Green,12/24/1914
881,Shem,Wemes,swemesog@alibaba.com,Genderfluid,3773,Goldenrod,12/20/2012
882,Erl,Snary,esnaryoh@techcrunch.com,Male,2232,Indigo,7/7/1955
883,Sandro,Duell,sduelloi@umich.edu,Genderfluid,5230,Crimson,7/17/1965
884,Joel,Freed,jfreedoj@scientificamerican.com,Male,1766,Pink,1/28/1990
885,Henri,Tibalt,htibaltok@sina.com.cn,Male,1167,Crimson,5/5/1912
886,Saunder,Bumford,sbumfordol@japanpost.jp,Non-binary,1058,Fuscia,10/30/1997
887,Adrienne,Langmaid,alangmaidom@dropbox.com,Female,2511,Crimson,5/8/1941
888,Tallia,Petkens,tpetkenson@uiuc.edu,Female,5565,Goldenrod,10/9/1993
889,Bethanne,Davinet,bdavinetoo@fema.gov,Female,2742,Maroon,9/28/1941
890,Priscella,Stirling,pstirlingop@friendfeed.com,Female,2240,Khaki,11/13/1915
891,Nani,Govenlock,ngovenlockoq@github.io,Female,5775,Puce,1/13/1961
892,Gerladina,Munkton,gmunktonor@usgs.gov,Genderqueer,1983,Maroon,1/18/1965
893,Ellen,Revington,erevingtonos@cdbaby.com,Female,5101,Puce,5/24/1982
894,Moshe,Sjollema,msjollemaot@mozilla.com,Male,2110,Mauv,8/10/2006
895,Domini,Grinval,dgrinvalou@eepurl.com,Female,5534,Teal,7/13/1948
896,Lesly,Grogor,lgrogorov@163.com,Female,3302,Maroon,9/4/2003
897,Ozzie,Smorthwaite,osmorthwaiteow@tiny.cc,Male,1775,Orange,3/15/1911
898,Elsworth,Gallager,egallagerox@dagondesign.com,Bigender,4383,Fuscia,8/13/1968
899,Reed,Connar,rconnaroy@techcrunch.com,Male,1263,Red,8/29/2011
900,Berkley,Greser,bgreseroz@sogou.com,Male,2485,Goldenrod,7/6/1951
901,Burlie,Gregersen,bgregersenp0@wix.com,Male,2270,Indigo,5/9/2001
902,Tracy,Nutten,tnuttenp1@go.com,Male,2177,Pink,10/8/1931
903,Cherin,Ryton,crytonp2@tinyurl.com,Female,2307,Pink,9/25/1916
904,Amii,Pengelly,apengellyp3@so-net.ne.jp,Female,4868,Aquamarine,3/18/1948
905,Raleigh,Grinnov,rgrinnovp4@cafepress.com,Agender,3255,Purple,5/3/1978
906,Drew,Saice,dsaicep5@privacy.gov.au,Male,2659,Pink,7/9/1914
907,Berkly,Knibb,bknibbp6@friendfeed.com,Male,4098,Green,5/18/2007
908,Lyndsay,Mourgue,lmourguep7@shop-pro.jp,Female,5390,Pink,9/28/1934
909,Danyelle,Denyukin,ddenyukinp8@lulu.com,Female,4118,Blue,2/5/1969
910,Fredelia,Paliser,fpaliserp9@arstechnica.com,Female,2381,Puce,6/4/1968
911,Aaron,Pheazey,apheazeypa@microsoft.com,Male,2280,Khaki,12/3/1932
912,Hashim,Colbertson,hcolbertsonpb@reverbnation.com,Male,3782,Khaki,10/5/1968
913,Frank,Jakubovsky,fjakubovskypc@scribd.com,Female,737,Green,4/15/1986
914,Gauthier,De Roeck,gderoeckpd@berkeley.edu,Male,3044,Maroon,3/9/1964
915,Janie,Le Marquis,jlemarquispe@weebly.com,Female,2554,Violet,12/28/1949
916,Marmaduke,Tomkies,mtomkiespf@apache.org,Male,3340,Violet,3/23/1906
917,Glynda,Waterdrinker,gwaterdrinkerpg@ow.ly,Female,4621,Green,7/2/1990
918,Theodore,Saull,tsaullph@fastcompany.com,Male,5512,Purple,4/18/2021
919,Packston,Blackstone,pblackstonepi@over-blog.com,Male,2473,Yellow,6/9/1958
920,Lee,Bradock,lbradockpj@cam.ac.uk,Female,2981,Khaki,5/1/1986
921,Elenore,Fladgate,efladgatepk@abc.net.au,Female,2214,Fuscia,11/6/1944
922,Luisa,Granville,lgranvillepl@symantec.com,Genderqueer,3173,Orange,3/3/1989
923,Jodie,Coldbath,jcoldbathpm@nsw.gov.au,Male,5565,Indigo,1/5/1959
924,Wenona,Koopman,wkoopmanpn@va.gov,Female,728,Orange,7/4/1913
925,Basilius,Raccio,bracciopo@yelp.com,Male,1214,Khaki,9/2/1961
926,Tobe,Morrall,tmorrallpp@oracle.com,Female,5847,Maroon,12/26/1982
927,Zebadiah,Duthy,zduthypq@blog.com,Male,4707,Teal,11/17/1999
928,Shane,Darycott,sdarycottpr@google.it,Polygender,762,Goldenrod,9/13/1968
929,Manya,Cordon,mcordonps@squarespace.com,Female,4371,Green,6/22/2002
930,Gasper,Haruard,gharuardpt@dmoz.org,Male,3114,Orange,1/23/1929
931,Christophorus,Arnold,carnoldpu@angelfire.com,Male,5974,Purple,11/3/1902
932,Justino,Sailes,jsailespv@hhs.gov,Male,2664,Goldenrod,10/26/1953
933,Wallache,Tweddle,wtweddlepw@over-blog.com,Male,1202,Orange,5/14/1996
934,Poul,Penn,ppennpx@tripadvisor.com,Genderqueer,3949,Green,10/4/2014
935,Kinny,Hamer,khamerpy@freewebs.com,Male,2828,Khaki,5/19/1905
936,Jazmin,Hubbins,jhubbinspz@vkontakte.ru,Female,4592,Violet,9/15/1901
937,Allan,Jehaes,ajehaesq0@livejournal.com,Male,4392,Yellow,10/17/1976
938,Laina,Daybell,ldaybellq1@typepad.com,Female,5373,Pink,6/2/1925
939,Rustie,Hinsche,rhinscheq2@dion.ne.jp,Male,5568,Puce,10/8/1946
940,Gloriana,Sandcroft,gsandcroftq3@webnode.com,Female,3906,Goldenrod,6/11/1943
941,Leigh,Scoates,lscoatesq4@twitter.com,Male,5460,Fuscia,12/6/1998
942,Ferrel,Roistone,froistoneq5@slate.com,Male,2663,Goldenrod,2/18/2006
943,Suzy,Bradnum,sbradnumq6@wunderground.com,Female,2160,Violet,5/11/1993
944,Bancroft,Rhys,brhysq7@yahoo.co.jp,Male,3151,Fuscia,8/18/1910
945,Janetta,Heilds,jheildsq8@usa.gov,Female,971,Turquoise,4/27/2020
946,Urbain,Micklem,umicklemq9@hostgator.com,Male,3039,Pink,1/13/2021
947,Jamaal,Tossell,jtossellqa@mayoclinic.com,Male,5008,Teal,11/20/2003
948,Greta,Megahey,gmegaheyqb@sun.com,Female,5332,Fuscia,11/10/2013
949,Ewell,Northrop,enorthropqc@github.io,Male,2499,Maroon,11/25/1903
950,Ambrosi,Keynes,akeynesqd@dailymail.co.uk,Male,5826,Crimson,10/9/1990
951,Muire,Martland,mmartlandqe@twitter.com,Female,5039,Khaki,11/4/1913
952,Danni,Singleton,dsingletonqf@hp.com,Female,1397,Violet,5/7/1964
953,Cathie,De Witt,cdewittqg@ibm.com,Female,4662,Purple,10/25/1972
954,Carol,Beagrie,cbeagrieqh@mysql.com,Female,4223,Yellow,6/11/1967
955,Desmund,Priddie,dpriddieqi@creativecommons.org,Polygender,3045,Purple,7/11/1984
956,Reed,Bailiss,rbailissqj@ehow.com,Agender,2715,Puce,1/26/1909
957,Aleda,McCaskell,amccaskellqk@accuweather.com,Female,5433,Crimson,5/26/2006
958,Perri,Melsom,pmelsomql@tiny.cc,Female,1475,Orange,11/13/2005
959,Hollie,Cardow,hcardowqm@desdev.cn,Female,1132,Turquoise,2/29/1916
960,Lenard,Clyma,lclymaqn@csmonitor.com,Male,3325,Maroon,9/30/2012
961,Delano,Kett,dkettqo@baidu.com,Male,5269,Green,11/16/1989
962,Hardy,Meininking,hmeininkingqp@tinyurl.com,Male,5511,Red,8/10/1978
963,Clara,Boffin,cboffinqq@liveinternet.ru,Female,3456,Turquoise,11/20/1907
964,Harlin,Pullan,hpullanqr@shinystat.com,Male,5217,Crimson,6/25/1905
965,Timmy,McKibben,tmckibbenqs@timesonline.co.uk,Female,2109,Maroon,3/31/1978
966,Lynette,Broke,lbrokeqt@cnn.com,Female,3711,Pink,7/9/1901
967,Perceval,Cardnell,pcardnellqu@boston.com,Male,3351,Puce,8/24/1917
968,Dael,Stather,dstatherqv@rediff.com,Male,5242,Maroon,6/19/1961
969,Stillmann,Sparshutt,ssparshuttqw@reddit.com,Male,2105,Turquoise,2/27/1953
970,Enrica,Henrique,ehenriqueqx@who.int,Female,1375,Mauv,8/12/1954
971,Quent,Trembley,qtrembleyqy@pen.io,Genderqueer,1733,Yellow,12/6/1947
972,Domenico,Friman,dfrimanqz@google.com.br,Male,4116,Yellow,11/5/2005
973,Oliver,Knyvett,oknyvettr0@mayoclinic.com,Male,5425,Pink,4/5/1947
974,Thorin,Fittis,tfittisr1@cnn.com,Male,2660,Crimson,3/24/2009
975,Neysa,Frantzen,nfrantzenr2@netscape.com,Female,2090,Turquoise,3/14/1937
976,Jacques,Sealand,jsealandr3@symantec.com,Male,5912,Blue,12/2/1956
977,Flin,Brendel,fbrendelr4@msu.edu,Male,914,Fuscia,7/15/2004
978,Kimberli,Pury,kpuryr5@hud.gov,Female,5070,Maroon,4/17/1961
979,Tiffanie,Haverson,thaversonr6@dagondesign.com,Female,5661,Turquoise,8/31/1958
980,Neile,Selland,nsellandr7@liveinternet.ru,Female,1501,Khaki,6/19/2009
981,Jobina,Burchett,jburchettr8@netscape.com,Female,4974,Mauv,10/25/1996
982,Sheila,Colerick,scolerickr9@npr.org,Female,4110,Yellow,6/11/1924
983,Allyson,Aldcorn,aaldcornra@sakura.ne.jp,Female,4094,Yellow,10/29/1961
984,Delbert,Duthy,dduthyrb@nytimes.com,Male,2862,Indigo,12/9/1933
985,Dorie,Astie,dastierc@bigcartel.com,Male,5207,Turquoise,8/27/1947
986,Renard,Cristoforo,rcristoforord@usa.gov,Male,4173,Aquamarine,7/7/1908
987,Dani,Cavanaugh,dcavanaughre@de.vu,Polygender,3777,Purple,8/13/1976
988,Francene,Bush,fbushrf@irs.gov,Bigender,3037,Yellow,12/8/2001
989,Robb,Reyne,rreynerg@cbc.ca,Male,4061,Yellow,11/25/1925
990,Shamus,Fakes,sfakesrh@netvibes.com,Male,1678,Pink,4/7/1933
991,Gannon,Collum,gcollumri@yahoo.co.jp,Male,5409,Green,10/16/2017
992,Robby,Dominey,rdomineyrj@netlog.com,Female,1260,Maroon,10/1/1958
993,Cirstoforo,Livens,clivensrk@wisc.edu,Male,2261,Puce,12/17/1992
994,Falito,Varnes,fvarnesrl@quantcast.com,Male,4172,Violet,3/22/1926
995,Dalston,Wollers,dwollersrm@51.la,Male,1775,Goldenrod,12/9/1965
996,Kennett,Garlett,kgarlettrn@hostgator.com,Male,2281,Goldenrod,2/7/2020
997,Emilio,Bartzen,ebartzenro@psu.edu,Male,1817,Puce,8/16/1990
998,Chalmers,Willas,cwillasrp@qq.com,Male,3113,Yellow,6/3/1990
999,Giustina,Durban,gdurbanrq@deliciousdays.com,Female,5092,Mauv,6/13/2011
1000,Adham,Lenchenko,alenchenkorr@fastcompany.com,Male,3651,Fuscia,12/28/1963
